filename,x,y
images/63.jpg,383,99
images/63.jpg,389,101
images/63.jpg,395,102
images/63.jpg,399,102
images/63.jpg,405,104
images/63.jpg,414,104
images/63.jpg,418,103
images/63.jpg,433,103
images/63.jpg,450,100
images/63.jpg,455,99
images/63.jpg,472,94
images/63.jpg,477,92
images/63.jpg,483,89
images/63.jpg,485,89
images/63.jpg,486,88
images/77.jpg,384,133
images/77.jpg,393,135
images/77.jpg,403,137
images/77.jpg,408,137
images/77.jpg,414,137
images/77.jpg,418,137
images/77.jpg,428,136
images/77.jpg,436,136
images/77.jpg,439,136
images/77.jpg,446,135
images/77.jpg,458,135
images/77.jpg,465,130
images/77.jpg,475,130
images/77.jpg,485,129
images/77.jpg,494,124
images/77.jpg,499,123
images/77.jpg,509,121
images/77.jpg,519,120
images/77.jpg,530,116
images/77.jpg,532,116
images/88.jpg,386,118
images/88.jpg,397,118
images/88.jpg,398,118
images/88.jpg,406,120
images/88.jpg,411,122
images/88.jpg,417,122
images/88.jpg,427,121
images/88.jpg,439,120
images/88.jpg,448,119
images/88.jpg,456,118
images/88.jpg,471,117
images/88.jpg,472,117
images/88.jpg,484,114
images/88.jpg,490,113
images/88.jpg,499,111
images/88.jpg,501,110
images/88.jpg,511,105
images/88.jpg,512,105
images/89.jpg,386,113
images/89.jpg,402,115
images/89.jpg,411,115
images/89.jpg,419,117
images/89.jpg,429,116
images/89.jpg,446,113
images/89.jpg,457,112
images/89.jpg,465,111
images/89.jpg,470,111
images/89.jpg,489,107
images/89.jpg,497,106
images/89.jpg,498,106
images/89.jpg,509,105
images/89.jpg,510,105
images/89.jpg,513,104
images/76.jpg,388,126
images/76.jpg,386,126
images/76.jpg,394,128
images/76.jpg,412,128
images/76.jpg,423,128
images/76.jpg,434,128
images/76.jpg,437,128
images/76.jpg,452,127
images/76.jpg,453,127
images/76.jpg,459,126
images/76.jpg,462,126
images/76.jpg,472,123
images/76.jpg,476,122
images/76.jpg,493,120
images/76.jpg,500,119
images/76.jpg,502,119
images/76.jpg,514,112
images/76.jpg,524,107
images/62.jpg,379,96
images/62.jpg,385,96
images/62.jpg,393,96
images/62.jpg,402,98
images/62.jpg,412,97
images/62.jpg,424,96
images/62.jpg,431,95
images/62.jpg,439,92
images/62.jpg,445,91
images/62.jpg,457,88
images/62.jpg,464,87
images/62.jpg,471,85
images/62.jpg,477,84
images/62.jpg,479,83
images/48.jpg,279,361
images/48.jpg,310,360
images/48.jpg,318,360
images/48.jpg,323,360
images/48.jpg,338,360
images/48.jpg,356,360
images/48.jpg,371,361
images/48.jpg,380,361
images/48.jpg,396,361
images/48.jpg,399,360
images/48.jpg,414,362
images/48.jpg,422,362
images/48.jpg,432,363
images/48.jpg,441,363
images/48.jpg,456,364
images/48.jpg,462,365
images/48.jpg,482,366
images/48.jpg,492,366
images/48.jpg,501,366
images/48.jpg,510,366
images/48.jpg,516,367
images/48.jpg,523,367
images/48.jpg,531,367
images/48.jpg,538,367
images/48.jpg,551,367
images/48.jpg,555,368
images/48.jpg,570,368
images/48.jpg,573,369
images/49.jpg,310,297
images/49.jpg,312,298
images/49.jpg,316,299
images/49.jpg,329,302
images/49.jpg,332,302
images/49.jpg,339,302
images/49.jpg,344,302
images/49.jpg,347,301
images/49.jpg,352,301
images/49.jpg,359,300
images/49.jpg,362,300
images/49.jpg,365,300
images/49.jpg,374,300
images/49.jpg,377,301
images/49.jpg,386,301
images/49.jpg,397,301
images/49.jpg,398,301
images/49.jpg,409,301
images/49.jpg,418,301
images/49.jpg,427,301
images/49.jpg,436,301
images/49.jpg,443,301
images/49.jpg,454,301
images/49.jpg,467,301
images/49.jpg,476,301
images/49.jpg,486,301
images/49.jpg,488,301
images/49.jpg,501,301
images/49.jpg,506,301
images/49.jpg,520,301
images/49.jpg,531,301
images/49.jpg,533,300
images/49.jpg,541,300
images/49.jpg,551,300
images/49.jpg,557,300
images/61.jpg,382,147
images/61.jpg,379,149
images/61.jpg,394,151
images/61.jpg,402,152
images/61.jpg,419,151
images/61.jpg,443,151
images/61.jpg,444,151
images/61.jpg,452,150
images/61.jpg,455,150
images/61.jpg,472,147
images/61.jpg,480,147
images/61.jpg,492,146
images/61.jpg,493,145
images/61.jpg,517,140
images/61.jpg,517,140
images/61.jpg,529,139
images/61.jpg,538,138
images/61.jpg,550,138
images/61.jpg,554,134
images/75.jpg,374,244
images/75.jpg,387,244
images/75.jpg,391,245
images/75.jpg,404,242
images/75.jpg,419,244
images/75.jpg,431,244
images/75.jpg,440,244
images/75.jpg,457,244
images/75.jpg,465,244
images/75.jpg,474,243
images/75.jpg,479,243
images/75.jpg,500,241
images/75.jpg,511,239
images/75.jpg,518,238
images/75.jpg,543,236
images/75.jpg,555,235
images/75.jpg,567,232
images/75.jpg,593,225
images/75.jpg,593,225
images/75.jpg,616,218
images/75.jpg,639,205
images/75.jpg,640,205
images/59.jpg,381,179
images/59.jpg,402,181
images/59.jpg,414,181
images/59.jpg,429,180
images/59.jpg,442,180
images/59.jpg,451,178
images/59.jpg,469,172
images/59.jpg,489,169
images/59.jpg,495,168
images/59.jpg,505,165
images/59.jpg,523,161
images/59.jpg,526,161
images/59.jpg,544,155
images/59.jpg,552,151
images/59.jpg,566,147
images/59.jpg,567,145
images/71.jpg,380,136
images/71.jpg,388,136
images/71.jpg,409,141
images/71.jpg,409,141
images/71.jpg,423,140
images/71.jpg,433,139
images/71.jpg,445,138
images/71.jpg,459,135
images/71.jpg,483,133
images/71.jpg,498,131
images/71.jpg,508,130
images/71.jpg,520,124
images/71.jpg,529,122
images/71.jpg,538,117
images/64.jpg,378,154
images/64.jpg,376,154
images/64.jpg,398,156
images/64.jpg,412,157
images/64.jpg,433,159
images/64.jpg,443,159
images/64.jpg,461,159
images/64.jpg,480,156
images/64.jpg,488,154
images/64.jpg,504,156
images/64.jpg,518,153
images/64.jpg,534,139
images/64.jpg,538,138
images/64.jpg,550,136
images/64.jpg,559,134
images/64.jpg,563,133
images/70.jpg,368,347
images/70.jpg,376,347
images/70.jpg,388,349
images/70.jpg,396,349
images/70.jpg,405,349
images/70.jpg,410,348
images/70.jpg,413,348
images/70.jpg,422,347
images/70.jpg,433,346
images/70.jpg,445,344
images/70.jpg,460,343
images/70.jpg,472,343
images/70.jpg,483,341
images/70.jpg,500,339
images/70.jpg,513,338
images/70.jpg,526,335
images/70.jpg,538,332
images/70.jpg,550,329
images/70.jpg,574,324
images/70.jpg,582,319
images/70.jpg,590,315
images/70.jpg,608,312
images/70.jpg,621,309
images/70.jpg,627,308
images/70.jpg,636,304
images/70.jpg,639,298
images/70.jpg,650,296
images/70.jpg,656,296
images/58.jpg,373,180
images/58.jpg,377,182
images/58.jpg,395,186
images/58.jpg,399,186
images/58.jpg,409,185
images/58.jpg,428,179
images/58.jpg,435,182
images/58.jpg,447,183
images/58.jpg,455,182
images/58.jpg,463,182
images/58.jpg,471,181
images/58.jpg,486,174
images/58.jpg,498,174
images/58.jpg,506,172
images/58.jpg,514,171
images/58.jpg,526,168
images/58.jpg,533,165
images/58.jpg,544,162
images/58.jpg,553,160
images/58.jpg,564,158
images/58.jpg,571,153
images/58.jpg,573,152
images/58.jpg,579,150
images/8.jpg,313,32
images/8.jpg,316,33
images/8.jpg,325,33
images/8.jpg,326,32
images/8.jpg,333,32
images/8.jpg,339,31
images/8.jpg,343,31
images/8.jpg,350,31
images/8.jpg,350,31
images/8.jpg,359,31
images/8.jpg,359,31
images/8.jpg,367,31
images/8.jpg,368,31
images/8.jpg,370,31
images/8.jpg,381,31
images/66.jpg,375,140
images/66.jpg,380,142
images/66.jpg,396,143
images/66.jpg,397,143
images/66.jpg,408,144
images/66.jpg,410,143
images/66.jpg,432,143
images/66.jpg,432,143
images/66.jpg,442,143
images/66.jpg,452,141
images/66.jpg,474,137
images/66.jpg,475,137
images/66.jpg,481,136
images/66.jpg,484,135
images/66.jpg,489,133
images/66.jpg,498,130
images/66.jpg,504,128
images/66.jpg,512,125
images/66.jpg,518,125
images/66.jpg,534,120
images/66.jpg,542,118
images/66.jpg,546,115
images/66.jpg,547,115
images/72.jpg,364,222
images/72.jpg,372,228
images/72.jpg,384,232
images/72.jpg,386,232
images/72.jpg,395,229
images/72.jpg,405,229
images/72.jpg,414,231
images/72.jpg,422,230
images/72.jpg,431,230
images/72.jpg,437,229
images/72.jpg,450,229
images/72.jpg,460,229
images/72.jpg,467,229
images/72.jpg,478,224
images/72.jpg,490,223
images/72.jpg,499,217
images/72.jpg,500,210
images/72.jpg,519,209
images/72.jpg,526,209
images/72.jpg,541,207
images/72.jpg,549,205
images/72.jpg,571,204
images/72.jpg,576,201
images/72.jpg,586,198
images/72.jpg,604,194
images/72.jpg,609,190
images/72.jpg,609,189
images/72.jpg,616,185
images/99.jpg,210,367
images/99.jpg,222,367
images/99.jpg,235,366
images/99.jpg,255,365
images/99.jpg,265,364
images/99.jpg,281,364
images/99.jpg,299,364
images/99.jpg,316,363
images/99.jpg,324,363
images/99.jpg,349,363
images/99.jpg,362,363
images/99.jpg,370,363
images/99.jpg,397,363
images/99.jpg,412,360
images/99.jpg,426,359
images/99.jpg,462,360
images/99.jpg,488,361
images/99.jpg,505,362
images/99.jpg,517,362
images/99.jpg,551,361
images/99.jpg,566,361
images/99.jpg,585,360
images/99.jpg,607,360
images/99.jpg,622,359
images/99.jpg,630,359
images/99.jpg,637,359
images/99.jpg,643,358
images/99.jpg,651,358
images/99.jpg,654,357
images/99.jpg,657,357
images/67.jpg,574,367
images/67.jpg,589,367
images/67.jpg,591,367
images/67.jpg,597,366
images/67.jpg,602,365
images/67.jpg,607,364
images/67.jpg,617,360
images/67.jpg,623,359
images/67.jpg,626,357
images/67.jpg,634,357
images/67.jpg,640,354
images/67.jpg,643,353
images/67.jpg,647,350
images/67.jpg,650,349
images/67.jpg,654,346
images/67.jpg,657,344
images/9.jpg,336,53
images/9.jpg,339,53
images/9.jpg,346,53
images/9.jpg,346,53
images/9.jpg,352,56
images/9.jpg,354,56
images/9.jpg,355,56
images/9.jpg,365,55
images/9.jpg,368,54
images/9.jpg,378,54
images/9.jpg,379,54
images/9.jpg,386,53
images/9.jpg,391,52
images/9.jpg,393,52
images/9.jpg,399,52
images/9.jpg,401,52
images/9.jpg,405,52
images/9.jpg,414,52
images/9.jpg,415,52
images/9.jpg,417,52
images/14.jpg,325,43
images/14.jpg,327,39
images/14.jpg,340,39
images/14.jpg,343,41
images/14.jpg,347,42
images/14.jpg,352,42
images/14.jpg,365,42
images/14.jpg,365,42
images/14.jpg,367,42
images/14.jpg,372,42
images/14.jpg,378,42
images/14.jpg,379,41
images/14.jpg,383,41
images/14.jpg,394,41
images/14.jpg,396,41
images/14.jpg,399,41
images/14.jpg,403,41
images/14.jpg,408,40
images/28.jpg,360,80
images/28.jpg,364,80
images/28.jpg,368,80
images/28.jpg,373,78
images/28.jpg,380,78
images/28.jpg,387,78
images/28.jpg,394,78
images/28.jpg,397,77
images/28.jpg,400,77
images/28.jpg,407,77
images/28.jpg,414,76
images/28.jpg,418,75
images/28.jpg,423,75
images/28.jpg,425,75
images/28.jpg,434,75
images/28.jpg,436,75
images/28.jpg,441,75
images/28.jpg,447,75
images/28.jpg,447,75
images/28.jpg,458,75
images/129.jpg,445,230
images/129.jpg,448,232
images/129.jpg,460,236
images/129.jpg,463,237
images/129.jpg,466,239
images/129.jpg,477,240
images/129.jpg,492,249
images/129.jpg,493,252
images/129.jpg,495,258
images/129.jpg,500,265
images/129.jpg,513,276
images/129.jpg,515,276
images/129.jpg,525,278
images/129.jpg,530,280
images/129.jpg,537,278
images/129.jpg,548,276
images/129.jpg,548,276
images/129.jpg,557,273
images/129.jpg,560,267
images/129.jpg,565,258
images/129.jpg,568,251
images/129.jpg,568,246
images/129.jpg,572,237
images/129.jpg,579,221
images/129.jpg,579,220
images/129.jpg,581,213
images/129.jpg,582,211
images/129.jpg,583,206
images/129.jpg,586,205
images/129.jpg,592,205
images/129.jpg,595,204
images/129.jpg,599,202
images/129.jpg,615,198
images/129.jpg,616,197
images/129.jpg,619,189
images/129.jpg,413,46
images/129.jpg,410,48
images/129.jpg,406,48
images/129.jpg,402,49
images/129.jpg,398,50
images/129.jpg,391,49
images/129.jpg,383,49
images/129.jpg,375,47
images/129.jpg,375,47
images/129.jpg,370,47
images/129.jpg,369,46
images/129.jpg,365,47
images/129.jpg,360,49
images/129.jpg,354,49
images/129.jpg,353,49
images/129.jpg,349,49
images/129.jpg,347,49
images/129.jpg,343,48
images/129.jpg,338,46
images/129.jpg,336,47
images/129.jpg,335,47
images/129.jpg,333,47
images/115.jpg,337,343
images/115.jpg,337,344
images/115.jpg,342,349
images/115.jpg,345,353
images/115.jpg,348,354
images/115.jpg,356,354
images/115.jpg,357,354
images/115.jpg,364,353
images/115.jpg,366,353
images/115.jpg,375,356
images/115.jpg,378,353
images/115.jpg,382,353
images/115.jpg,388,353
images/115.jpg,389,353
images/115.jpg,393,353
images/115.jpg,402,352
images/115.jpg,405,352
images/115.jpg,410,351
images/115.jpg,413,351
images/115.jpg,417,351
images/115.jpg,419,351
images/115.jpg,431,352
images/115.jpg,434,356
images/115.jpg,441,361
images/115.jpg,442,361
images/115.jpg,447,369
images/115.jpg,461,363
images/115.jpg,469,364
images/115.jpg,474,365
images/115.jpg,485,363
images/115.jpg,497,359
images/115.jpg,503,356
images/115.jpg,505,355
images/115.jpg,510,351
images/115.jpg,514,346
images/114.jpg,475,365
images/114.jpg,475,365
images/114.jpg,474,364
images/114.jpg,473,362
images/114.jpg,472,358
images/114.jpg,471,357
images/114.jpg,470,353
images/114.jpg,425,95
images/114.jpg,419,97
images/114.jpg,417,98
images/114.jpg,414,98
images/114.jpg,413,98
images/114.jpg,411,99
images/114.jpg,406,98
images/114.jpg,403,97
images/114.jpg,399,96
images/114.jpg,396,96
images/114.jpg,394,95
images/114.jpg,390,94
images/114.jpg,387,94
images/114.jpg,385,93
images/114.jpg,381,93
images/114.jpg,380,94
images/114.jpg,376,94
images/114.jpg,375,94
images/114.jpg,371,94
images/114.jpg,368,95
images/114.jpg,367,95
images/114.jpg,364,95
images/114.jpg,357,96
images/114.jpg,356,96
images/114.jpg,353,95
images/114.jpg,351,95
images/114.jpg,348,94
images/114.jpg,340,94
images/114.jpg,337,92
images/114.jpg,334,91
images/100.jpg,295,312
images/100.jpg,282,312
images/100.jpg,279,314
images/100.jpg,273,311
images/100.jpg,264,309
images/100.jpg,255,309
images/100.jpg,250,315
images/100.jpg,243,316
images/100.jpg,238,316
images/100.jpg,232,316
images/100.jpg,230,317
images/100.jpg,225,311
images/100.jpg,218,313
images/100.jpg,208,313
images/100.jpg,203,306
images/128.jpg,513,20
images/128.jpg,508,21
images/128.jpg,508,22
images/128.jpg,504,23
images/128.jpg,492,24
images/128.jpg,490,24
images/128.jpg,482,29
images/128.jpg,478,37
images/128.jpg,476,42
images/128.jpg,470,49
images/128.jpg,466,50
images/128.jpg,461,50
images/128.jpg,451,49
images/128.jpg,449,49
images/128.jpg,444,46
images/128.jpg,442,45
images/128.jpg,442,45
images/128.jpg,440,45
images/128.jpg,437,43
images/128.jpg,435,42
images/128.jpg,432,40
images/128.jpg,431,40
images/128.jpg,427,40
images/128.jpg,425,39
images/128.jpg,423,38
images/128.jpg,422,37
images/128.jpg,416,36
images/128.jpg,415,36
images/128.jpg,413,34
images/128.jpg,413,34
images/29.jpg,461,79
images/29.jpg,459,80
images/29.jpg,459,80
images/29.jpg,458,80
images/29.jpg,454,81
images/29.jpg,454,81
images/29.jpg,446,80
images/29.jpg,446,80
images/29.jpg,442,80
images/29.jpg,442,80
images/29.jpg,435,80
images/29.jpg,431,80
images/29.jpg,431,80
images/29.jpg,431,80
images/29.jpg,430,80
images/29.jpg,427,80
images/29.jpg,426,80
images/29.jpg,425,80
images/29.jpg,420,80
images/29.jpg,419,80
images/29.jpg,416,79
images/29.jpg,414,80
images/29.jpg,409,79
images/29.jpg,409,79
images/29.jpg,405,80
images/29.jpg,405,80
images/29.jpg,398,80
images/29.jpg,396,80
images/29.jpg,393,80
images/29.jpg,391,80
images/29.jpg,389,78
images/29.jpg,386,78
images/29.jpg,382,81
images/29.jpg,380,81
images/29.jpg,377,81
images/29.jpg,376,81
images/29.jpg,374,81
images/29.jpg,371,81
images/29.jpg,369,81
images/29.jpg,365,80
images/29.jpg,365,80
images/29.jpg,362,81
images/15.jpg,522,164
images/15.jpg,522,163
images/15.jpg,511,163
images/15.jpg,506,164
images/15.jpg,494,162
images/15.jpg,493,165
images/15.jpg,482,164
images/15.jpg,481,164
images/15.jpg,470,164
images/15.jpg,468,165
images/15.jpg,464,164
images/15.jpg,459,164
images/15.jpg,457,164
images/15.jpg,455,163
images/15.jpg,452,164
images/15.jpg,448,165
images/15.jpg,444,166
images/15.jpg,439,166
images/15.jpg,434,166
images/15.jpg,431,166
images/15.jpg,427,166
images/15.jpg,422,165
images/15.jpg,419,165
images/15.jpg,415,164
images/15.jpg,414,165
images/15.jpg,409,165
images/15.jpg,402,165
images/15.jpg,402,165
images/15.jpg,399,165
images/15.jpg,394,165
images/15.jpg,394,165
images/15.jpg,387,164
images/15.jpg,382,165
images/15.jpg,378,164
images/15.jpg,372,164
images/15.jpg,370,164
images/15.jpg,365,165
images/17.jpg,398,35
images/17.jpg,390,36
images/17.jpg,390,37
images/17.jpg,387,36
images/17.jpg,383,35
images/17.jpg,382,35
images/17.jpg,371,34
images/17.jpg,370,34
images/17.jpg,369,34
images/17.jpg,369,34
images/17.jpg,367,35
images/17.jpg,366,35
images/17.jpg,361,35
images/17.jpg,361,35
images/17.jpg,357,34
images/17.jpg,353,34
images/17.jpg,347,34
images/17.jpg,344,34
images/17.jpg,341,35
images/17.jpg,336,35
images/17.jpg,335,36
images/17.jpg,329,37
images/17.jpg,321,38
images/17.jpg,317,38
images/116.jpg,299,53
images/116.jpg,296,53
images/116.jpg,296,53
images/116.jpg,292,53
images/116.jpg,290,53
images/116.jpg,287,54
images/116.jpg,285,54
images/116.jpg,281,54
images/116.jpg,280,54
images/116.jpg,277,54
images/116.jpg,274,54
images/116.jpg,272,54
images/116.jpg,270,54
images/116.jpg,267,55
images/116.jpg,261,58
images/116.jpg,258,59
images/116.jpg,256,59
images/116.jpg,255,56
images/116.jpg,252,54
images/116.jpg,251,53
images/103.jpg,300,128
images/103.jpg,296,128
images/103.jpg,294,128
images/103.jpg,292,128
images/103.jpg,291,128
images/103.jpg,288,129
images/103.jpg,288,129
images/103.jpg,284,129
images/103.jpg,280,129
images/103.jpg,279,129
images/103.jpg,274,130
images/103.jpg,272,131
images/103.jpg,269,131
images/103.jpg,267,132
images/103.jpg,264,129
images/103.jpg,262,127
images/103.jpg,260,126
images/103.jpg,257,124
images/103.jpg,253,124
images/103.jpg,251,125
images/103.jpg,250,125
images/103.jpg,248,123
images/103.jpg,245,122
images/117.jpg,431,102
images/117.jpg,422,103
images/117.jpg,421,104
images/117.jpg,414,105
images/117.jpg,411,105
images/117.jpg,410,106
images/117.jpg,406,105
images/117.jpg,406,105
images/117.jpg,401,106
images/117.jpg,391,106
images/117.jpg,390,106
images/117.jpg,388,104
images/117.jpg,386,105
images/117.jpg,381,105
images/117.jpg,377,103
images/117.jpg,376,103
images/117.jpg,374,103
images/117.jpg,373,103
images/117.jpg,368,103
images/117.jpg,367,103
images/117.jpg,366,103
images/117.jpg,364,102
images/117.jpg,364,101
images/117.jpg,359,103
images/117.jpg,356,103
images/117.jpg,353,104
images/117.jpg,349,103
images/117.jpg,346,103
images/117.jpg,342,103
images/117.jpg,341,103
images/117.jpg,335,103
images/117.jpg,332,101
images/117.jpg,483,44
images/117.jpg,479,44
images/117.jpg,473,42
images/117.jpg,470,41
images/117.jpg,466,40
images/117.jpg,461,38
images/117.jpg,456,38
images/117.jpg,452,37
images/117.jpg,448,36
images/117.jpg,446,35
images/16.jpg,382,34
images/16.jpg,378,32
images/16.jpg,373,36
images/16.jpg,368,36
images/16.jpg,366,35
images/16.jpg,360,34
images/16.jpg,360,34
images/16.jpg,359,34
images/16.jpg,356,33
images/16.jpg,354,32
images/16.jpg,349,31
images/16.jpg,343,32
images/16.jpg,342,32
images/16.jpg,333,31
images/16.jpg,333,31
images/16.jpg,329,30
images/16.jpg,329,30
images/16.jpg,325,31
images/16.jpg,321,31
images/16.jpg,319,33
images/16.jpg,315,33
images/16.jpg,311,33
images/12.jpg,369,33
images/12.jpg,364,32
images/12.jpg,362,33
images/12.jpg,360,33
images/12.jpg,357,33
images/12.jpg,356,32
images/12.jpg,354,32
images/12.jpg,353,32
images/12.jpg,353,32
images/12.jpg,347,32
images/12.jpg,347,33
images/12.jpg,344,32
images/12.jpg,342,28
images/12.jpg,337,29
images/12.jpg,329,31
images/12.jpg,328,31
images/12.jpg,326,29
images/12.jpg,324,29
images/12.jpg,322,29
images/12.jpg,320,31
images/12.jpg,318,32
images/12.jpg,318,32
images/12.jpg,310,33
images/12.jpg,310,33
images/113.jpg,484,306
images/113.jpg,482,308
images/113.jpg,472,314
images/113.jpg,470,314
images/113.jpg,466,314
images/113.jpg,464,314
images/113.jpg,457,314
images/113.jpg,453,315
images/113.jpg,449,314
images/113.jpg,443,314
images/113.jpg,442,314
images/113.jpg,436,314
images/113.jpg,431,311
images/113.jpg,428,310
images/113.jpg,424,308
images/113.jpg,421,307
images/113.jpg,418,306
images/113.jpg,413,304
images/113.jpg,412,306
images/113.jpg,410,306
images/113.jpg,407,305
images/113.jpg,400,304
images/113.jpg,395,305
images/113.jpg,388,306
images/113.jpg,384,306
images/113.jpg,383,304
images/113.jpg,380,304
images/113.jpg,375,304
images/113.jpg,372,304
images/113.jpg,368,303
images/113.jpg,363,304
images/113.jpg,356,304
images/113.jpg,353,304
images/113.jpg,350,303
images/113.jpg,347,303
images/113.jpg,338,301
images/113.jpg,337,299
images/113.jpg,334,296
images/113.jpg,333,295
images/113.jpg,331,290
images/107.jpg,299,87
images/107.jpg,295,87
images/107.jpg,294,88
images/107.jpg,288,88
images/107.jpg,286,88
images/107.jpg,285,88
images/107.jpg,282,89
images/107.jpg,278,88
images/107.jpg,278,89
images/107.jpg,274,89
images/107.jpg,263,89
images/107.jpg,263,89
images/107.jpg,261,88
images/107.jpg,259,88
images/107.jpg,254,87
images/107.jpg,251,87
images/107.jpg,249,85
images/107.jpg,246,81
images/112.jpg,531,367
images/112.jpg,521,359
images/112.jpg,520,359
images/112.jpg,517,354
images/112.jpg,512,350
images/112.jpg,510,348
images/112.jpg,508,346
images/112.jpg,507,339
images/112.jpg,501,333
images/112.jpg,499,332
images/112.jpg,495,331
images/112.jpg,494,329
images/112.jpg,490,325
images/112.jpg,486,323
images/112.jpg,485,322
images/112.jpg,476,316
images/112.jpg,470,314
images/112.jpg,463,310
images/112.jpg,457,308
images/112.jpg,456,306
images/112.jpg,453,299
images/112.jpg,451,297
images/112.jpg,414,77
images/112.jpg,411,77
images/112.jpg,409,77
images/112.jpg,406,77
images/112.jpg,401,77
images/112.jpg,398,77
images/112.jpg,394,77
images/112.jpg,392,77
images/112.jpg,390,76
images/112.jpg,387,76
images/112.jpg,381,76
images/112.jpg,378,75
images/112.jpg,377,75
images/112.jpg,372,75
images/112.jpg,372,75
images/112.jpg,368,75
images/112.jpg,364,75
images/112.jpg,360,75
images/112.jpg,360,75
images/112.jpg,359,75
images/112.jpg,347,75
images/112.jpg,347,75
images/112.jpg,344,75
images/112.jpg,341,75
images/112.jpg,337,74
images/112.jpg,333,73
images/13.jpg,385,28
images/13.jpg,380,29
images/13.jpg,374,28
images/13.jpg,371,30
images/13.jpg,369,30
images/13.jpg,362,27
images/13.jpg,360,27
images/13.jpg,360,31
images/13.jpg,357,31
images/13.jpg,354,31
images/13.jpg,351,31
images/13.jpg,349,31
images/13.jpg,347,31
images/13.jpg,344,30
images/13.jpg,340,29
images/13.jpg,340,29
images/13.jpg,336,29
images/13.jpg,333,29
images/13.jpg,330,29
images/13.jpg,329,30
images/13.jpg,327,30
images/13.jpg,324,29
images/13.jpg,320,28
images/13.jpg,319,28
images/13.jpg,317,28
images/13.jpg,316,29
images/39.jpg,475,91
images/39.jpg,472,88
images/39.jpg,468,87
images/39.jpg,464,87
images/39.jpg,462,87
images/39.jpg,459,87
images/39.jpg,457,87
images/39.jpg,451,86
images/39.jpg,446,86
images/39.jpg,444,86
images/39.jpg,438,88
images/39.jpg,436,88
images/39.jpg,433,88
images/39.jpg,431,88
images/39.jpg,428,88
images/39.jpg,425,87
images/39.jpg,425,87
images/39.jpg,421,90
images/39.jpg,417,89
images/39.jpg,409,89
images/39.jpg,409,89
images/39.jpg,407,89
images/39.jpg,405,90
images/39.jpg,401,90
images/39.jpg,397,89
images/39.jpg,395,89
images/39.jpg,392,89
images/39.jpg,389,90
images/39.jpg,386,90
images/39.jpg,383,90
images/39.jpg,381,88
images/39.jpg,374,89
images/39.jpg,371,89
images/39.jpg,371,89
images/39.jpg,369,89
images/11.jpg,386,31
images/11.jpg,382,32
images/11.jpg,379,32
images/11.jpg,377,32
images/11.jpg,374,30
images/11.jpg,371,30
images/11.jpg,366,30
images/11.jpg,365,31
images/11.jpg,362,32
images/11.jpg,361,32
images/11.jpg,358,30
images/11.jpg,357,30
images/11.jpg,354,28
images/11.jpg,352,29
images/11.jpg,351,29
images/11.jpg,347,29
images/11.jpg,340,29
images/11.jpg,339,29
images/11.jpg,335,29
images/11.jpg,331,29
images/11.jpg,329,29
images/11.jpg,328,29
images/11.jpg,325,29
images/11.jpg,323,30
images/11.jpg,320,30
images/11.jpg,318,30
images/11.jpg,316,31
images/138.jpg,503,46
images/138.jpg,503,46
images/138.jpg,500,46
images/138.jpg,496,48
images/138.jpg,495,48
images/138.jpg,488,55
images/138.jpg,488,55
images/138.jpg,486,62
images/138.jpg,480,65
images/138.jpg,477,67
images/138.jpg,476,73
images/138.jpg,471,78
images/138.jpg,466,79
images/138.jpg,463,78
images/138.jpg,460,78
images/138.jpg,455,78
images/138.jpg,452,77
images/138.jpg,449,77
images/138.jpg,446,77
images/138.jpg,442,74
images/138.jpg,439,71
images/138.jpg,438,69
images/138.jpg,435,67
images/138.jpg,434,66
images/138.jpg,433,66
images/138.jpg,430,65
images/138.jpg,429,65
images/138.jpg,421,68
images/138.jpg,420,65
images/138.jpg,420,64
images/138.jpg,418,63
images/138.jpg,416,63
images/138.jpg,413,62
images/138.jpg,412,61
images/139.jpg,543,111
images/139.jpg,540,111
images/139.jpg,535,113
images/139.jpg,528,117
images/139.jpg,527,118
images/139.jpg,525,120
images/139.jpg,522,125
images/139.jpg,522,129
images/139.jpg,522,138
images/139.jpg,523,139
images/139.jpg,521,148
images/139.jpg,516,149
images/139.jpg,520,155
images/139.jpg,517,158
images/139.jpg,509,163
images/139.jpg,503,164
images/139.jpg,491,163
images/139.jpg,490,162
images/139.jpg,487,162
images/139.jpg,483,161
images/139.jpg,477,160
images/139.jpg,470,157
images/139.jpg,466,151
images/139.jpg,466,151
images/139.jpg,462,147
images/139.jpg,458,144
images/139.jpg,455,144
images/139.jpg,446,140
images/139.jpg,443,140
images/139.jpg,437,137
images/139.jpg,433,135
images/139.jpg,428,129
images/139.jpg,423,127
images/10.jpg,402,37
images/10.jpg,402,37
images/10.jpg,398,36
images/10.jpg,391,36
images/10.jpg,390,37
images/10.jpg,385,36
images/10.jpg,384,37
images/10.jpg,380,38
images/10.jpg,377,38
images/10.jpg,374,38
images/10.jpg,372,39
images/10.jpg,370,39
images/10.jpg,369,39
images/10.jpg,367,40
images/10.jpg,364,40
images/10.jpg,363,39
images/10.jpg,360,37
images/10.jpg,353,37
images/10.jpg,351,38
images/10.jpg,348,37
images/10.jpg,347,36
images/10.jpg,347,37
images/10.jpg,344,38
images/10.jpg,343,38
images/10.jpg,340,37
images/10.jpg,339,37
images/10.jpg,336,37
images/10.jpg,333,37
images/10.jpg,332,38
images/10.jpg,326,36
images/10.jpg,324,36
images/10.jpg,323,36
images/38.jpg,503,112
images/38.jpg,499,113
images/38.jpg,493,106
images/38.jpg,491,111
images/38.jpg,490,112
images/38.jpg,483,114
images/38.jpg,483,114
images/38.jpg,481,114
images/38.jpg,476,113
images/38.jpg,473,114
images/38.jpg,469,114
images/38.jpg,466,114
images/38.jpg,465,114
images/38.jpg,464,114
images/38.jpg,462,114
images/38.jpg,461,115
images/38.jpg,457,114
images/38.jpg,451,113
images/38.jpg,449,114
images/38.jpg,444,114
images/38.jpg,438,115
images/38.jpg,436,115
images/38.jpg,432,116
images/38.jpg,429,115
images/38.jpg,426,114
images/38.jpg,425,114
images/38.jpg,420,113
images/38.jpg,416,113
images/38.jpg,410,113
images/38.jpg,406,113
images/38.jpg,404,113
images/38.jpg,401,113
images/38.jpg,396,113
images/38.jpg,394,113
images/38.jpg,389,114
images/38.jpg,386,115
images/38.jpg,383,114
images/38.jpg,383,114
images/21.jpg,448,72
images/21.jpg,448,71
images/21.jpg,440,72
images/21.jpg,437,71
images/21.jpg,436,71
images/21.jpg,431,73
images/21.jpg,428,73
images/21.jpg,425,73
images/21.jpg,419,73
images/21.jpg,416,73
images/21.jpg,409,74
images/21.jpg,404,73
images/21.jpg,400,72
images/21.jpg,396,72
images/21.jpg,386,73
images/21.jpg,386,73
images/21.jpg,380,73
images/21.jpg,376,73
images/21.jpg,373,73
images/21.jpg,367,73
images/21.jpg,365,74
images/21.jpg,362,73
images/21.jpg,359,73
images/21.jpg,356,74
images/21.jpg,354,74
images/21.jpg,353,74
images/35.jpg,432,62
images/35.jpg,427,60
images/35.jpg,422,61
images/35.jpg,421,60
images/35.jpg,416,60
images/35.jpg,414,61
images/35.jpg,409,61
images/35.jpg,406,61
images/35.jpg,405,61
images/35.jpg,403,61
images/35.jpg,395,61
images/35.jpg,392,61
images/35.jpg,386,61
images/35.jpg,382,62
images/35.jpg,375,61
images/35.jpg,372,61
images/35.jpg,368,61
images/35.jpg,363,61
images/35.jpg,354,63
images/35.jpg,350,63
images/35.jpg,347,63
images/35.jpg,341,66
images/35.jpg,339,65
images/108.jpg,490,335
images/108.jpg,484,333
images/108.jpg,480,335
images/108.jpg,474,336
images/108.jpg,467,338
images/108.jpg,457,336
images/108.jpg,452,335
images/108.jpg,447,334
images/108.jpg,441,337
images/108.jpg,439,337
images/108.jpg,432,334
images/108.jpg,429,331
images/108.jpg,427,331
images/108.jpg,422,330
images/108.jpg,418,328
images/108.jpg,413,327
images/108.jpg,407,327
images/108.jpg,392,329
images/108.jpg,391,329
images/108.jpg,386,328
images/108.jpg,382,328
images/108.jpg,380,327
images/108.jpg,377,327
images/108.jpg,372,327
images/108.jpg,368,326
images/108.jpg,362,324
images/108.jpg,357,324
images/108.jpg,353,324
images/108.jpg,349,324
images/108.jpg,338,321
images/108.jpg,336,321
images/108.jpg,333,320
images/108.jpg,331,319
images/120.jpg,466,257
images/120.jpg,459,261
images/120.jpg,458,261
images/120.jpg,446,264
images/120.jpg,438,264
images/120.jpg,435,263
images/120.jpg,430,264
images/120.jpg,425,264
images/120.jpg,421,263
images/120.jpg,420,263
images/120.jpg,417,262
images/120.jpg,412,261
images/120.jpg,409,259
images/120.jpg,403,256
images/120.jpg,395,258
images/120.jpg,392,259
images/120.jpg,385,258
images/120.jpg,382,259
images/120.jpg,378,259
images/120.jpg,373,259
images/120.jpg,368,258
images/120.jpg,361,257
images/120.jpg,353,255
images/120.jpg,350,255
images/120.jpg,342,255
images/120.jpg,341,255
images/120.jpg,337,255
images/120.jpg,335,251
images/120.jpg,332,250
images/120.jpg,332,250
images/120.jpg,329,247
images/134.jpg,551,101
images/134.jpg,545,101
images/134.jpg,538,102
images/134.jpg,537,102
images/134.jpg,534,102
images/134.jpg,528,105
images/134.jpg,522,107
images/134.jpg,520,108
images/134.jpg,516,116
images/134.jpg,512,124
images/134.jpg,506,134
images/134.jpg,505,137
images/134.jpg,505,139
images/134.jpg,501,142
images/134.jpg,495,144
images/134.jpg,489,145
images/134.jpg,486,146
images/134.jpg,477,146
images/134.jpg,470,146
images/134.jpg,470,146
images/134.jpg,468,142
images/134.jpg,468,139
images/134.jpg,463,133
images/134.jpg,462,133
images/134.jpg,460,130
images/134.jpg,438,125
images/134.jpg,438,124
images/134.jpg,428,122
images/134.jpg,425,122
images/134.jpg,423,120
images/134.jpg,422,119
images/135.jpg,504,38
images/135.jpg,499,38
images/135.jpg,496,40
images/135.jpg,495,41
images/135.jpg,494,42
images/135.jpg,489,45
images/135.jpg,488,46
images/135.jpg,484,51
images/135.jpg,483,52
images/135.jpg,480,55
images/135.jpg,475,64
images/135.jpg,471,66
images/135.jpg,468,66
images/135.jpg,464,66
images/135.jpg,455,68
images/135.jpg,451,68
images/135.jpg,447,66
images/135.jpg,445,62
images/135.jpg,444,60
images/135.jpg,437,55
images/135.jpg,440,57
images/135.jpg,427,58
images/135.jpg,421,52
images/135.jpg,418,52
images/135.jpg,426,58
images/121.jpg,443,140
images/121.jpg,441,141
images/121.jpg,439,141
images/121.jpg,434,141
images/121.jpg,434,142
images/121.jpg,428,143
images/121.jpg,423,143
images/121.jpg,416,141
images/121.jpg,411,143
images/121.jpg,411,144
images/121.jpg,408,144
images/121.jpg,402,143
images/121.jpg,399,142
images/121.jpg,397,141
images/121.jpg,394,141
images/121.jpg,392,138
images/121.jpg,387,141
images/121.jpg,380,142
images/121.jpg,375,142
images/121.jpg,369,140
images/121.jpg,362,140
images/121.jpg,358,140
images/121.jpg,353,140
images/121.jpg,350,140
images/121.jpg,348,140
images/121.jpg,343,140
images/121.jpg,341,140
images/121.jpg,338,138
images/121.jpg,336,137
images/121.jpg,566,204
images/121.jpg,563,203
images/121.jpg,545,198
images/121.jpg,543,198
images/121.jpg,540,197
images/121.jpg,535,196
images/121.jpg,532,197
images/121.jpg,530,197
images/121.jpg,525,196
images/121.jpg,522,196
images/121.jpg,521,196
images/121.jpg,519,196
images/121.jpg,510,195
images/121.jpg,510,195
images/121.jpg,507,195
images/121.jpg,506,194
images/121.jpg,505,191
images/109.jpg,518,365
images/109.jpg,514,362
images/109.jpg,513,361
images/109.jpg,507,360
images/109.jpg,501,358
images/109.jpg,491,357
images/109.jpg,486,355
images/109.jpg,482,351
images/109.jpg,481,350
images/109.jpg,480,348
images/109.jpg,469,340
images/109.jpg,465,338
images/109.jpg,464,337
images/109.jpg,457,329
images/109.jpg,454,325
images/109.jpg,602,357
images/109.jpg,610,350
images/109.jpg,615,347
images/109.jpg,619,342
images/109.jpg,624,339
images/109.jpg,627,333
images/109.jpg,631,318
images/109.jpg,631,318
images/109.jpg,632,317
images/109.jpg,633,315
images/109.jpg,637,309
images/109.jpg,637,308
images/109.jpg,646,305
images/109.jpg,650,305
images/109.jpg,653,304
images/109.jpg,653,303
images/109.jpg,421,86
images/109.jpg,421,86
images/109.jpg,417,89
images/109.jpg,417,89
images/109.jpg,410,89
images/109.jpg,407,88
images/109.jpg,404,88
images/109.jpg,404,88
images/109.jpg,398,84
images/109.jpg,396,83
images/109.jpg,390,86
images/109.jpg,389,86
images/109.jpg,379,86
images/109.jpg,376,86
images/109.jpg,375,86
images/109.jpg,374,86
images/109.jpg,367,85
images/109.jpg,365,85
images/109.jpg,364,84
images/109.jpg,361,83
images/109.jpg,356,82
images/109.jpg,353,83
images/109.jpg,345,84
images/109.jpg,343,85
images/109.jpg,343,85
images/109.jpg,341,85
images/109.jpg,339,85
images/109.jpg,339,85
images/109.jpg,339,85
images/109.jpg,334,83
images/34.jpg,508,117
images/34.jpg,508,117
images/34.jpg,505,118
images/34.jpg,504,118
images/34.jpg,501,119
images/34.jpg,496,120
images/34.jpg,491,121
images/34.jpg,488,120
images/34.jpg,486,120
images/34.jpg,484,120
images/34.jpg,481,119
images/34.jpg,480,120
images/34.jpg,477,120
images/34.jpg,471,120
images/34.jpg,470,121
images/34.jpg,467,120
images/34.jpg,464,119
images/34.jpg,462,118
images/34.jpg,460,118
images/34.jpg,456,117
images/34.jpg,452,118
images/34.jpg,447,118
images/34.jpg,439,118
images/34.jpg,438,118
images/34.jpg,434,119
images/34.jpg,429,119
images/34.jpg,425,119
images/34.jpg,421,118
images/34.jpg,415,119
images/34.jpg,411,119
images/34.jpg,406,119
images/34.jpg,404,119
images/34.jpg,394,120
images/34.jpg,388,120
images/34.jpg,386,120
images/34.jpg,383,120
images/34.jpg,381,120
images/34.jpg,381,120
images/34.jpg,380,122
images/20.jpg,520,154
images/20.jpg,520,154
images/20.jpg,509,154
images/20.jpg,506,154
images/20.jpg,504,155
images/20.jpg,502,156
images/20.jpg,489,156
images/20.jpg,488,156
images/20.jpg,482,153
images/20.jpg,479,154
images/20.jpg,477,157
images/20.jpg,476,161
images/20.jpg,468,161
images/20.jpg,460,158
images/20.jpg,455,157
images/20.jpg,451,157
images/20.jpg,446,158
images/20.jpg,443,159
images/20.jpg,435,157
images/20.jpg,432,157
images/20.jpg,427,160
images/20.jpg,420,160
images/20.jpg,416,161
images/20.jpg,416,161
images/20.jpg,405,154
images/20.jpg,400,153
images/20.jpg,395,156
images/20.jpg,388,159
images/20.jpg,384,160
images/20.jpg,378,160
images/20.jpg,374,160
images/20.jpg,373,160
images/20.jpg,368,161
images/36.jpg,467,85
images/36.jpg,464,86
images/36.jpg,463,85
images/36.jpg,460,82
images/36.jpg,456,83
images/36.jpg,455,84
images/36.jpg,448,84
images/36.jpg,444,85
images/36.jpg,441,86
images/36.jpg,437,85
images/36.jpg,432,85
images/36.jpg,429,86
images/36.jpg,428,86
images/36.jpg,421,86
images/36.jpg,421,86
images/36.jpg,418,86
images/36.jpg,414,86
images/36.jpg,410,86
images/36.jpg,403,87
images/36.jpg,396,86
images/36.jpg,391,86
images/36.jpg,383,86
images/36.jpg,380,86
images/36.jpg,374,86
images/36.jpg,371,86
images/36.jpg,370,86
images/36.jpg,369,86
images/36.jpg,364,86
images/22.jpg,516,137
images/22.jpg,513,134
images/22.jpg,504,133
images/22.jpg,500,132
images/22.jpg,500,132
images/22.jpg,487,133
images/22.jpg,483,134
images/22.jpg,482,134
images/22.jpg,474,128
images/22.jpg,472,128
images/22.jpg,468,133
images/22.jpg,462,134
images/22.jpg,456,134
images/22.jpg,453,134
images/22.jpg,450,134
images/22.jpg,447,135
images/22.jpg,442,136
images/22.jpg,439,136
images/22.jpg,430,135
images/22.jpg,423,136
images/22.jpg,420,136
images/22.jpg,413,137
images/22.jpg,405,137
images/22.jpg,400,138
images/22.jpg,394,139
images/22.jpg,393,139
images/22.jpg,385,139
images/22.jpg,382,140
images/22.jpg,378,139
images/22.jpg,374,138
images/137.jpg,516,57
images/137.jpg,515,56
images/137.jpg,514,56
images/137.jpg,510,56
images/137.jpg,504,56
images/137.jpg,500,59
images/137.jpg,493,62
images/137.jpg,491,66
images/137.jpg,488,69
images/137.jpg,484,79
images/137.jpg,481,82
images/137.jpg,480,88
images/137.jpg,475,90
images/137.jpg,469,90
images/137.jpg,465,90
images/137.jpg,458,93
images/137.jpg,455,92
images/137.jpg,450,89
images/137.jpg,449,85
images/137.jpg,447,81
images/137.jpg,445,81
images/137.jpg,441,80
images/137.jpg,438,80
images/137.jpg,434,79
images/137.jpg,429,79
images/137.jpg,429,79
images/137.jpg,425,73
images/137.jpg,425,72
images/137.jpg,423,72
images/137.jpg,414,72
images/137.jpg,411,72
images/123.jpg,514,165
images/123.jpg,513,160
images/123.jpg,504,156
images/123.jpg,503,157
images/123.jpg,496,157
images/123.jpg,493,156
images/123.jpg,492,156
images/123.jpg,487,151
images/123.jpg,486,150
images/123.jpg,437,114
images/123.jpg,435,114
images/123.jpg,433,114
images/123.jpg,429,115
images/123.jpg,422,116
images/123.jpg,421,117
images/123.jpg,418,117
images/123.jpg,414,118
images/123.jpg,412,117
images/123.jpg,410,117
images/123.jpg,408,117
images/123.jpg,403,115
images/123.jpg,401,115
images/123.jpg,397,116
images/123.jpg,392,114
images/123.jpg,391,114
images/123.jpg,386,114
images/123.jpg,383,114
images/123.jpg,381,114
images/123.jpg,374,115
images/123.jpg,372,114
images/123.jpg,370,115
images/123.jpg,366,114
images/123.jpg,363,114
images/123.jpg,358,114
images/123.jpg,350,114
images/123.jpg,348,114
images/123.jpg,346,114
images/123.jpg,344,112
images/123.jpg,340,111
images/123.jpg,336,110
images/123.jpg,336,110
images/123.jpg,333,108
images/122.jpg,656,314
images/122.jpg,656,313
images/122.jpg,648,312
images/122.jpg,640,312
images/122.jpg,636,310
images/122.jpg,629,305
images/122.jpg,626,299
images/122.jpg,624,293
images/122.jpg,621,292
images/122.jpg,618,293
images/122.jpg,610,292
images/122.jpg,603,290
images/122.jpg,591,290
images/122.jpg,586,290
images/122.jpg,582,290
images/122.jpg,574,290
images/122.jpg,567,289
images/122.jpg,563,289
images/122.jpg,559,289
images/122.jpg,554,289
images/122.jpg,552,287
images/122.jpg,549,287
images/122.jpg,547,287
images/122.jpg,544,286
images/122.jpg,541,285
images/122.jpg,536,279
images/122.jpg,532,270
images/122.jpg,529,267
images/122.jpg,528,264
images/122.jpg,528,258
images/122.jpg,527,241
images/122.jpg,527,240
images/122.jpg,527,235
images/122.jpg,525,229
images/122.jpg,522,221
images/122.jpg,458,215
images/122.jpg,454,214
images/122.jpg,454,214
images/122.jpg,446,216
images/122.jpg,439,216
images/122.jpg,434,217
images/122.jpg,432,217
images/122.jpg,421,217
images/122.jpg,401,217
images/122.jpg,410,215
images/122.jpg,407,214
images/122.jpg,402,210
images/122.jpg,400,209
images/122.jpg,399,209
images/122.jpg,395,210
images/122.jpg,393,210
images/122.jpg,389,210
images/122.jpg,386,210
images/122.jpg,384,210
images/122.jpg,383,210
images/122.jpg,376,209
images/122.jpg,371,209
images/122.jpg,367,209
images/122.jpg,362,208
images/122.jpg,359,208
images/122.jpg,355,208
images/122.jpg,351,208
images/122.jpg,349,208
images/122.jpg,347,208
images/122.jpg,341,208
images/122.jpg,336,205
images/122.jpg,330,206
images/122.jpg,330,205
images/136.jpg,563,129
images/136.jpg,561,128
images/136.jpg,559,128
images/136.jpg,555,129
images/136.jpg,547,134
images/136.jpg,541,136
images/136.jpg,537,138
images/136.jpg,529,143
images/136.jpg,528,149
images/136.jpg,527,155
images/136.jpg,523,164
images/136.jpg,520,170
images/136.jpg,517,174
images/136.jpg,511,179
images/136.jpg,504,180
images/136.jpg,497,183
images/136.jpg,489,182
images/136.jpg,485,181
images/136.jpg,480,178
images/136.jpg,478,171
images/136.jpg,476,170
images/136.jpg,469,161
images/136.jpg,464,158
images/136.jpg,461,161
images/136.jpg,448,155
images/136.jpg,443,153
images/136.jpg,442,153
images/136.jpg,429,146
images/136.jpg,423,139
images/136.jpg,403,8
images/136.jpg,398,9
images/136.jpg,392,10
images/136.jpg,385,7
images/136.jpg,389,11
images/136.jpg,382,12
images/136.jpg,366,16
images/136.jpg,364,16
images/136.jpg,365,16
images/136.jpg,363,16
images/136.jpg,360,14
images/136.jpg,352,13
images/136.jpg,348,13
images/136.jpg,347,13
images/136.jpg,342,14
images/136.jpg,341,15
images/136.jpg,337,15
images/136.jpg,335,15
images/136.jpg,333,15
images/23.jpg,389,30
images/23.jpg,386,31
images/23.jpg,386,31
images/23.jpg,380,29
images/23.jpg,378,29
images/23.jpg,378,29
images/23.jpg,374,29
images/23.jpg,370,32
images/23.jpg,367,33
images/23.jpg,361,33
images/23.jpg,360,33
images/23.jpg,358,32
images/23.jpg,354,31
images/23.jpg,351,31
images/23.jpg,349,31
images/23.jpg,349,31
images/23.jpg,344,31
images/23.jpg,339,33
images/23.jpg,335,32
images/23.jpg,333,32
images/23.jpg,329,32
images/23.jpg,322,34
images/23.jpg,320,35
images/23.jpg,316,33
images/37.jpg,498,106
images/37.jpg,491,103
images/37.jpg,483,103
images/37.jpg,481,105
images/37.jpg,473,105
images/37.jpg,465,106
images/37.jpg,462,106
images/37.jpg,455,105
images/37.jpg,453,105
images/37.jpg,448,103
images/37.jpg,443,104
images/37.jpg,440,104
images/37.jpg,436,106
images/37.jpg,429,106
images/37.jpg,424,106
images/37.jpg,422,106
images/37.jpg,419,106
images/37.jpg,414,111
images/37.jpg,410,112
images/37.jpg,406,111
images/37.jpg,405,111
images/37.jpg,402,111
images/37.jpg,396,111
images/37.jpg,388,112
images/37.jpg,387,111
images/37.jpg,380,111
images/37.jpg,379,111
images/33.jpg,479,94
images/33.jpg,477,93
images/33.jpg,474,92
images/33.jpg,472,92
images/33.jpg,470,92
images/33.jpg,465,93
images/33.jpg,459,93
images/33.jpg,456,93
images/33.jpg,451,93
images/33.jpg,448,93
images/33.jpg,434,91
images/33.jpg,434,91
images/33.jpg,425,94
images/33.jpg,423,94
images/33.jpg,416,94
images/33.jpg,412,94
images/33.jpg,411,94
images/33.jpg,403,95
images/33.jpg,401,95
images/33.jpg,395,96
images/33.jpg,391,96
images/33.jpg,386,96
images/33.jpg,378,97
images/33.jpg,375,98
images/33.jpg,368,98
images/33.jpg,368,98
images/27.jpg,514,142
images/27.jpg,514,142
images/27.jpg,501,142
images/27.jpg,498,142
images/27.jpg,493,143
images/27.jpg,485,142
images/27.jpg,481,142
images/27.jpg,478,143
images/27.jpg,476,141
images/27.jpg,471,140
images/27.jpg,466,142
images/27.jpg,462,142
images/27.jpg,460,143
images/27.jpg,455,143
images/27.jpg,449,143
images/27.jpg,444,144
images/27.jpg,442,144
images/27.jpg,440,145
images/27.jpg,430,146
images/27.jpg,428,146
images/27.jpg,422,146
images/27.jpg,417,146
images/27.jpg,412,146
images/27.jpg,408,146
images/27.jpg,405,145
images/27.jpg,403,145
images/27.jpg,399,145
images/27.jpg,393,146
images/27.jpg,390,146
images/27.jpg,390,148
images/27.jpg,384,149
images/27.jpg,381,149
images/27.jpg,377,149
images/132.jpg,508,28
images/132.jpg,503,26
images/132.jpg,499,27
images/132.jpg,493,29
images/132.jpg,489,30
images/132.jpg,486,34
images/132.jpg,484,41
images/132.jpg,479,50
images/132.jpg,472,50
images/132.jpg,469,58
images/132.jpg,469,58
images/132.jpg,467,59
images/132.jpg,459,59
images/132.jpg,453,60
images/132.jpg,449,59
images/132.jpg,445,58
images/132.jpg,441,56
images/132.jpg,441,49
images/132.jpg,441,49
images/132.jpg,438,49
images/132.jpg,432,47
images/132.jpg,426,46
images/132.jpg,420,44
images/132.jpg,418,44
images/132.jpg,415,45
images/132.jpg,411,44
images/132.jpg,406,42
images/126.jpg,553,239
images/126.jpg,533,246
images/126.jpg,528,247
images/126.jpg,528,251
images/126.jpg,526,250
images/126.jpg,522,249
images/126.jpg,516,247
images/126.jpg,510,247
images/126.jpg,504,245
images/126.jpg,495,241
images/126.jpg,489,240
images/126.jpg,486,235
images/126.jpg,484,233
images/126.jpg,477,225
images/126.jpg,469,224
images/126.jpg,466,223
images/126.jpg,458,220
images/126.jpg,455,220
images/126.jpg,451,218
images/126.jpg,447,213
images/126.jpg,438,210
images/126.jpg,438,210
images/126.jpg,409,40
images/126.jpg,407,39
images/126.jpg,406,40
images/126.jpg,401,41
images/126.jpg,399,42
images/126.jpg,394,43
images/126.jpg,391,43
images/126.jpg,388,43
images/126.jpg,386,43
images/126.jpg,384,43
images/126.jpg,380,40
images/126.jpg,379,41
images/126.jpg,374,41
images/126.jpg,369,42
images/126.jpg,367,42
images/126.jpg,362,42
images/126.jpg,357,43
images/126.jpg,355,43
images/126.jpg,346,43
images/126.jpg,343,42
images/126.jpg,339,42
images/126.jpg,337,42
images/126.jpg,332,42
images/126.jpg,331,42
images/127.jpg,468,41
images/127.jpg,466,42
images/127.jpg,460,42
images/127.jpg,457,42
images/127.jpg,452,41
images/127.jpg,448,38
images/127.jpg,446,37
images/127.jpg,442,35
images/127.jpg,438,31
images/127.jpg,436,30
images/127.jpg,431,29
images/127.jpg,428,29
images/127.jpg,425,29
images/127.jpg,424,28
images/127.jpg,416,25
images/127.jpg,411,25
images/127.jpg,410,25
images/133.jpg,491,133
images/133.jpg,489,133
images/133.jpg,486,133
images/133.jpg,480,132
images/133.jpg,470,133
images/133.jpg,468,134
images/133.jpg,463,129
images/133.jpg,460,126
images/133.jpg,457,124
images/133.jpg,456,122
images/133.jpg,454,119
images/133.jpg,450,115
images/133.jpg,447,114
images/133.jpg,440,113
images/133.jpg,438,113
images/133.jpg,433,112
images/133.jpg,429,110
images/133.jpg,426,110
images/133.jpg,424,110
images/133.jpg,423,109
images/133.jpg,416,100
images/26.jpg,445,66
images/26.jpg,440,66
images/26.jpg,438,67
images/26.jpg,435,67
images/26.jpg,430,64
images/26.jpg,429,64
images/26.jpg,427,64
images/26.jpg,421,65
images/26.jpg,419,66
images/26.jpg,417,66
images/26.jpg,414,66
images/26.jpg,414,66
images/26.jpg,410,66
images/26.jpg,400,67
images/26.jpg,400,67
images/26.jpg,396,67
images/26.jpg,391,68
images/26.jpg,390,68
images/26.jpg,386,69
images/26.jpg,381,69
images/26.jpg,368,73
images/26.jpg,366,73
images/26.jpg,362,69
images/26.jpg,357,67
images/26.jpg,352,70
images/26.jpg,348,70
images/32.jpg,484,97
images/32.jpg,484,97
images/32.jpg,478,101
images/32.jpg,475,101
images/32.jpg,469,101
images/32.jpg,461,101
images/32.jpg,454,101
images/32.jpg,449,97
images/32.jpg,445,95
images/32.jpg,439,94
images/32.jpg,435,94
images/32.jpg,434,94
images/32.jpg,429,96
images/32.jpg,423,97
images/32.jpg,420,97
images/32.jpg,418,97
images/32.jpg,410,95
images/32.jpg,404,95
images/32.jpg,402,95
images/32.jpg,397,95
images/32.jpg,395,95
images/32.jpg,391,96
images/32.jpg,384,97
images/32.jpg,382,99
images/32.jpg,381,99
images/32.jpg,377,98
images/32.jpg,367,102
images/18.jpg,397,35
images/18.jpg,397,35
images/18.jpg,389,35
images/18.jpg,386,35
images/18.jpg,385,35
images/18.jpg,381,34
images/18.jpg,381,34
images/18.jpg,378,35
images/18.jpg,371,35
images/18.jpg,370,35
images/18.jpg,366,34
images/18.jpg,363,33
images/18.jpg,360,33
images/18.jpg,360,33
images/18.jpg,356,33
images/18.jpg,355,34
images/18.jpg,351,32
images/18.jpg,348,32
images/18.jpg,344,33
images/18.jpg,343,33
images/18.jpg,341,33
images/18.jpg,339,33
images/18.jpg,337,33
images/18.jpg,335,33
images/18.jpg,333,33
images/18.jpg,332,34
images/18.jpg,330,33
images/18.jpg,329,33
images/18.jpg,328,33
images/18.jpg,327,33
images/18.jpg,325,33
images/18.jpg,324,33
images/18.jpg,315,39
images/18.jpg,311,37
images/24.jpg,392,30
images/24.jpg,389,30
images/24.jpg,388,31
images/24.jpg,386,31
images/24.jpg,385,31
images/24.jpg,383,31
images/24.jpg,379,32
images/24.jpg,377,32
images/24.jpg,376,32
images/24.jpg,373,32
images/24.jpg,367,32
images/24.jpg,364,32
images/24.jpg,364,32
images/24.jpg,361,32
images/24.jpg,359,32
images/24.jpg,358,32
images/24.jpg,354,30
images/24.jpg,353,30
images/24.jpg,351,26
images/24.jpg,345,33
images/24.jpg,344,33
images/24.jpg,342,33
images/24.jpg,337,34
images/24.jpg,335,34
images/24.jpg,333,34
images/24.jpg,329,34
images/24.jpg,326,33
images/24.jpg,324,33
images/24.jpg,321,33
images/24.jpg,317,32
images/24.jpg,316,32
images/30.jpg,516,149
images/30.jpg,502,147
images/30.jpg,500,147
images/30.jpg,490,147
images/30.jpg,479,147
images/30.jpg,478,147
images/30.jpg,474,147
images/30.jpg,470,148
images/30.jpg,465,149
images/30.jpg,461,149
images/30.jpg,455,149
images/30.jpg,450,149
images/30.jpg,447,148
images/30.jpg,444,148
images/30.jpg,439,149
images/30.jpg,433,150
images/30.jpg,422,150
images/30.jpg,421,151
images/30.jpg,416,151
images/30.jpg,413,151
images/30.jpg,409,151
images/30.jpg,405,151
images/30.jpg,400,151
images/30.jpg,390,151
images/30.jpg,385,152
images/30.jpg,380,152
images/30.jpg,379,152
images/30.jpg,372,151
images/125.jpg,651,346
images/125.jpg,651,346
images/125.jpg,650,343
images/125.jpg,644,334
images/125.jpg,643,334
images/125.jpg,639,332
images/125.jpg,636,330
images/125.jpg,633,330
images/125.jpg,625,328
images/125.jpg,620,327
images/125.jpg,615,327
images/125.jpg,611,326
images/125.jpg,606,324
images/125.jpg,601,323
images/125.jpg,597,324
images/125.jpg,595,324
images/125.jpg,588,323
images/125.jpg,584,323
images/125.jpg,573,323
images/125.jpg,571,324
images/125.jpg,570,324
images/125.jpg,565,323
images/125.jpg,558,319
images/125.jpg,553,318
images/125.jpg,550,318
images/125.jpg,548,312
images/125.jpg,446,239
images/125.jpg,447,239
images/125.jpg,445,240
images/125.jpg,444,240
images/125.jpg,437,241
images/125.jpg,428,241
images/125.jpg,423,241
images/125.jpg,420,239
images/125.jpg,420,239
images/125.jpg,417,237
images/125.jpg,414,236
images/125.jpg,412,235
images/125.jpg,410,234
images/125.jpg,403,231
images/125.jpg,400,231
images/125.jpg,397,230
images/125.jpg,392,230
images/125.jpg,390,230
images/125.jpg,386,231
images/125.jpg,381,231
images/125.jpg,378,231
images/125.jpg,375,231
images/125.jpg,370,230
images/125.jpg,367,231
images/125.jpg,364,231
images/125.jpg,360,231
images/125.jpg,356,231
images/125.jpg,352,232
images/125.jpg,349,232
images/125.jpg,346,231
images/125.jpg,342,231
images/125.jpg,342,231
images/125.jpg,336,229
images/125.jpg,333,228
images/125.jpg,330,220
images/131.jpg,514,210
images/131.jpg,506,209
images/131.jpg,499,206
images/131.jpg,499,206
images/131.jpg,492,204
images/131.jpg,489,204
images/131.jpg,484,201
images/131.jpg,478,194
images/131.jpg,478,193
images/131.jpg,473,188
images/131.jpg,469,186
images/131.jpg,462,183
images/131.jpg,458,183
images/131.jpg,456,182
images/131.jpg,452,180
images/131.jpg,450,180
images/131.jpg,447,179
images/131.jpg,440,173
images/131.jpg,438,172
images/131.jpg,437,171
images/131.jpg,437,170
images/131.jpg,398,26
images/131.jpg,398,26
images/131.jpg,397,24
images/131.jpg,393,24
images/131.jpg,392,25
images/131.jpg,385,26
images/131.jpg,384,26
images/131.jpg,382,26
images/131.jpg,377,26
images/131.jpg,373,25
images/131.jpg,367,28
images/131.jpg,362,23
images/131.jpg,360,22
images/131.jpg,359,22
images/131.jpg,352,22
images/131.jpg,350,22
images/131.jpg,346,23
images/131.jpg,345,24
images/131.jpg,341,25
images/131.jpg,336,25
images/131.jpg,334,24
images/131.jpg,334,24
images/119.jpg,467,291
images/119.jpg,467,291
images/119.jpg,459,290
images/119.jpg,458,290
images/119.jpg,457,291
images/119.jpg,459,286
images/119.jpg,456,286
images/119.jpg,443,291
images/119.jpg,441,291
images/119.jpg,436,292
images/119.jpg,434,292
images/119.jpg,431,291
images/119.jpg,430,291
images/119.jpg,427,289
images/119.jpg,423,287
images/119.jpg,419,286
images/119.jpg,417,286
images/119.jpg,412,284
images/119.jpg,407,282
images/119.jpg,405,280
images/119.jpg,400,279
images/119.jpg,394,280
images/119.jpg,382,281
images/119.jpg,377,281
images/119.jpg,373,280
images/119.jpg,370,280
images/119.jpg,361,280
images/119.jpg,359,281
images/119.jpg,356,282
images/119.jpg,344,280
images/119.jpg,339,279
images/119.jpg,336,277
images/119.jpg,330,268
images/118.jpg,582,250
images/118.jpg,579,250
images/118.jpg,571,249
images/118.jpg,562,249
images/118.jpg,556,246
images/118.jpg,552,242
images/118.jpg,544,238
images/118.jpg,536,233
images/118.jpg,532,230
images/118.jpg,524,226
images/118.jpg,516,224
images/118.jpg,511,221
images/118.jpg,507,212
images/118.jpg,505,208
images/118.jpg,439,161
images/118.jpg,437,163
images/118.jpg,432,161
images/118.jpg,428,162
images/118.jpg,423,162
images/118.jpg,420,162
images/118.jpg,415,161
images/118.jpg,411,160
images/118.jpg,407,160
images/118.jpg,404,159
images/118.jpg,401,159
images/118.jpg,390,158
images/118.jpg,385,158
images/118.jpg,384,157
images/118.jpg,379,158
images/118.jpg,376,158
images/118.jpg,374,158
images/118.jpg,371,159
images/118.jpg,369,159
images/118.jpg,363,159
images/118.jpg,359,158
images/118.jpg,357,157
images/118.jpg,354,156
images/118.jpg,351,156
images/118.jpg,349,156
images/118.jpg,347,156
images/118.jpg,343,155
images/118.jpg,341,154
images/118.jpg,340,153
images/118.jpg,338,152
images/118.jpg,333,151
images/130.jpg,521,230
images/130.jpg,521,230
images/130.jpg,509,230
images/130.jpg,497,228
images/130.jpg,497,224
images/130.jpg,492,222
images/130.jpg,488,216
images/130.jpg,483,209
images/130.jpg,483,209
images/130.jpg,477,206
images/130.jpg,470,202
images/130.jpg,468,201
images/130.jpg,460,201
images/130.jpg,456,199
images/130.jpg,454,199
images/130.jpg,448,195
images/130.jpg,446,193
images/130.jpg,443,192
images/130.jpg,441,190
images/130.jpg,440,189
images/130.jpg,438,189
images/130.jpg,404,31
images/130.jpg,403,36
images/130.jpg,403,36
images/130.jpg,397,36
images/130.jpg,395,37
images/130.jpg,391,33
images/130.jpg,387,28
images/130.jpg,385,32
images/130.jpg,383,32
images/130.jpg,372,25
images/130.jpg,371,34
images/130.jpg,365,36
images/130.jpg,363,36
images/130.jpg,358,35
images/130.jpg,356,35
images/130.jpg,355,35
images/130.jpg,352,35
images/130.jpg,348,35
images/130.jpg,345,35
images/130.jpg,342,35
images/130.jpg,337,35
images/130.jpg,333,35
images/130.jpg,333,35
images/124.jpg,538,182
images/124.jpg,538,182
images/124.jpg,531,179
images/124.jpg,528,179
images/124.jpg,524,178
images/124.jpg,518,176
images/124.jpg,513,176
images/124.jpg,509,176
images/124.jpg,502,176
images/124.jpg,495,170
images/124.jpg,494,169
images/124.jpg,430,131
images/124.jpg,427,130
images/124.jpg,425,130
images/124.jpg,422,130
images/124.jpg,421,130
images/124.jpg,418,131
images/124.jpg,415,131
images/124.jpg,412,131
images/124.jpg,411,131
images/124.jpg,408,128
images/124.jpg,405,127
images/124.jpg,404,126
images/124.jpg,398,125
images/124.jpg,397,125
images/124.jpg,393,125
images/124.jpg,387,126
images/124.jpg,384,127
images/124.jpg,380,127
images/124.jpg,376,127
images/124.jpg,373,128
images/124.jpg,369,129
images/124.jpg,362,130
images/124.jpg,361,130
images/124.jpg,356,129
images/124.jpg,355,129
images/124.jpg,342,124
images/124.jpg,341,123
images/124.jpg,338,122
images/124.jpg,338,122
images/124.jpg,337,121
images/31.jpg,505,118
images/31.jpg,504,119
images/31.jpg,496,119
images/31.jpg,488,120
images/31.jpg,484,121
images/31.jpg,480,122
images/31.jpg,476,123
images/31.jpg,469,121
images/31.jpg,467,121
images/31.jpg,462,122
images/31.jpg,454,122
images/31.jpg,450,122
images/31.jpg,446,122
images/31.jpg,441,122
images/31.jpg,436,123
images/31.jpg,422,122
images/31.jpg,421,122
images/31.jpg,400,119
images/31.jpg,380,122
images/31.jpg,378,123
images/31.jpg,419,123
images/31.jpg,427,123
images/25.jpg,508,131
images/25.jpg,508,131
images/25.jpg,504,131
images/25.jpg,501,132
images/25.jpg,497,130
images/25.jpg,495,129
images/25.jpg,493,127
images/25.jpg,491,127
images/25.jpg,482,130
images/25.jpg,476,130
images/25.jpg,468,130
images/25.jpg,464,130
images/25.jpg,459,130
images/25.jpg,455,131
images/25.jpg,453,131
images/25.jpg,449,131
images/25.jpg,440,130
images/25.jpg,431,123
images/25.jpg,434,130
images/25.jpg,432,130
images/25.jpg,426,131
images/25.jpg,419,132
images/25.jpg,414,132
images/25.jpg,412,133
images/25.jpg,406,133
images/25.jpg,400,133
images/25.jpg,393,133
images/25.jpg,388,133
images/25.jpg,385,133
images/25.jpg,379,135
images/25.jpg,377,135
images/19.jpg,384,33
images/19.jpg,381,32
images/19.jpg,381,32
images/19.jpg,378,32
images/19.jpg,375,33
images/19.jpg,370,33
images/19.jpg,366,32
images/19.jpg,362,31
images/19.jpg,360,32
images/19.jpg,357,32
images/19.jpg,354,33
images/19.jpg,349,33
images/19.jpg,347,33
images/19.jpg,342,34
images/19.jpg,339,34
images/19.jpg,337,34
images/19.jpg,333,34
images/19.jpg,329,34
images/19.jpg,325,35
images/19.jpg,322,35
images/19.jpg,319,36
images/19.jpg,329,34
images/19.jpg,314,27
images/4.jpg,411,48
images/4.jpg,407,48
images/4.jpg,395,48
images/4.jpg,393,49
images/4.jpg,396,48
images/4.jpg,394,47
images/4.jpg,390,47
images/4.jpg,387,47
images/4.jpg,382,47
images/4.jpg,380,47
images/4.jpg,377,47
images/4.jpg,375,48
images/4.jpg,368,44
images/4.jpg,364,45
images/4.jpg,367,48
images/4.jpg,373,47
images/4.jpg,364,47
images/4.jpg,361,47
images/4.jpg,356,48
images/4.jpg,351,49
images/4.jpg,346,50
images/4.jpg,343,48
images/4.jpg,342,47
images/4.jpg,341,47
images/4.jpg,338,48
images/4.jpg,336,48
images/4.jpg,327,48
images/4.jpg,327,49
images/56.jpg,537,241
images/56.jpg,523,241
images/56.jpg,522,243
images/56.jpg,519,241
images/56.jpg,517,241
images/56.jpg,514,243
images/56.jpg,506,243
images/56.jpg,497,242
images/56.jpg,494,243
images/56.jpg,485,243
images/56.jpg,479,244
images/56.jpg,475,244
images/56.jpg,471,244
images/56.jpg,468,245
images/56.jpg,463,245
images/56.jpg,459,246
images/56.jpg,456,246
images/56.jpg,451,247
images/56.jpg,448,247
images/56.jpg,444,246
images/56.jpg,438,245
images/56.jpg,431,245
images/56.jpg,425,245
images/56.jpg,417,246
images/56.jpg,413,246
images/56.jpg,408,244
images/56.jpg,406,243
images/56.jpg,405,244
images/56.jpg,395,245
images/56.jpg,390,243
images/56.jpg,386,243
images/56.jpg,376,245
images/56.jpg,375,245
images/56.jpg,370,244
images/56.jpg,368,244
images/56.jpg,362,242
images/56.jpg,357,242
images/56.jpg,351,242
images/56.jpg,345,244
images/56.jpg,338,243
images/56.jpg,332,242
images/56.jpg,330,243
images/81.jpg,657,210
images/81.jpg,653,211
images/81.jpg,643,212
images/81.jpg,628,217
images/81.jpg,626,219
images/81.jpg,620,221
images/81.jpg,614,223
images/81.jpg,607,224
images/81.jpg,602,227
images/81.jpg,598,230
images/81.jpg,592,232
images/81.jpg,583,234
images/81.jpg,575,235
images/81.jpg,563,244
images/81.jpg,556,247
images/81.jpg,564,245
images/81.jpg,544,249
images/81.jpg,530,250
images/81.jpg,524,252
images/81.jpg,522,256
images/81.jpg,519,257
images/81.jpg,509,258
images/81.jpg,500,260
images/81.jpg,494,261
images/81.jpg,487,263
images/81.jpg,483,263
images/81.jpg,470,264
images/81.jpg,463,266
images/81.jpg,445,266
images/81.jpg,432,268
images/81.jpg,429,268
images/81.jpg,421,269
images/81.jpg,412,268
images/81.jpg,410,269
images/81.jpg,403,269
images/81.jpg,399,269
images/81.jpg,394,270
images/81.jpg,385,269
images/81.jpg,382,267
images/81.jpg,370,264
images/81.jpg,367,264
images/81.jpg,365,264
images/95.jpg,301,175
images/95.jpg,300,175
images/95.jpg,295,176
images/95.jpg,292,177
images/95.jpg,290,177
images/95.jpg,287,178
images/95.jpg,286,178
images/95.jpg,282,180
images/95.jpg,275,180
images/95.jpg,270,180
images/95.jpg,256,181
images/95.jpg,248,180
images/95.jpg,245,178
images/95.jpg,243,174
images/95.jpg,238,170
images/95.jpg,256,173
images/94.jpg,541,313
images/94.jpg,537,311
images/94.jpg,532,310
images/94.jpg,529,310
images/94.jpg,527,307
images/94.jpg,518,298
images/94.jpg,518,298
images/94.jpg,514,291
images/94.jpg,501,285
images/94.jpg,500,283
images/94.jpg,496,277
images/94.jpg,494,277
images/94.jpg,489,273
images/94.jpg,486,272
images/94.jpg,481,269
images/94.jpg,474,264
images/94.jpg,470,262
images/94.jpg,464,259
images/94.jpg,459,257
images/94.jpg,454,255
images/94.jpg,449,251
images/94.jpg,446,249
images/94.jpg,446,244
images/94.jpg,402,56
images/94.jpg,398,56
images/94.jpg,396,58
images/94.jpg,392,58
images/94.jpg,389,57
images/94.jpg,385,58
images/94.jpg,380,59
images/94.jpg,376,58
images/94.jpg,372,56
images/94.jpg,363,55
images/94.jpg,361,55
images/94.jpg,358,56
images/94.jpg,355,59
images/94.jpg,349,59
images/94.jpg,346,59
images/94.jpg,341,58
images/94.jpg,338,58
images/94.jpg,338,58
images/94.jpg,335,58
images/94.jpg,332,59
images/80.jpg,655,251
images/80.jpg,654,252
images/80.jpg,646,250
images/80.jpg,641,250
images/80.jpg,636,250
images/80.jpg,632,253
images/80.jpg,628,254
images/80.jpg,619,255
images/80.jpg,617,256
images/80.jpg,612,256
images/80.jpg,605,259
images/80.jpg,598,261
images/80.jpg,595,263
images/80.jpg,579,267
images/80.jpg,563,273
images/80.jpg,578,270
images/80.jpg,582,269
images/80.jpg,566,275
images/80.jpg,562,276
images/80.jpg,556,278
images/80.jpg,549,281
images/80.jpg,544,282
images/80.jpg,533,283
images/80.jpg,514,289
images/80.jpg,511,290
images/80.jpg,508,292
images/80.jpg,502,294
images/80.jpg,537,292
images/80.jpg,509,292
images/80.jpg,506,293
images/80.jpg,496,296
images/80.jpg,482,298
images/80.jpg,477,299
images/80.jpg,470,299
images/80.jpg,460,299
images/80.jpg,435,300
images/80.jpg,433,301
images/80.jpg,427,302
images/80.jpg,420,305
images/80.jpg,409,305
images/80.jpg,403,305
images/80.jpg,398,305
images/80.jpg,383,305
images/80.jpg,378,306
images/80.jpg,374,305
images/80.jpg,371,303
images/80.jpg,364,301
images/80.jpg,363,301
images/5.jpg,374,32
images/5.jpg,372,32
images/5.jpg,368,34
images/5.jpg,365,34
images/5.jpg,361,34
images/5.jpg,357,34
images/5.jpg,356,33
images/5.jpg,355,33
images/5.jpg,353,33
images/5.jpg,350,34
images/5.jpg,349,34
images/5.jpg,345,34
images/5.jpg,341,35
images/5.jpg,338,34
images/5.jpg,338,34
images/5.jpg,337,35
images/5.jpg,333,35
images/5.jpg,328,35
images/5.jpg,322,31
images/5.jpg,321,31
images/5.jpg,319,31
images/5.jpg,317,31
images/5.jpg,316,32
images/57.jpg,558,271
images/57.jpg,551,271
images/57.jpg,547,269
images/57.jpg,541,268
images/57.jpg,530,269
images/57.jpg,526,269
images/57.jpg,518,270
images/57.jpg,508,272
images/57.jpg,506,274
images/57.jpg,501,273
images/57.jpg,499,273
images/57.jpg,492,273
images/57.jpg,486,274
images/57.jpg,466,271
images/57.jpg,451,266
images/57.jpg,447,265
images/57.jpg,443,265
images/57.jpg,424,266
images/57.jpg,417,267
images/57.jpg,415,267
images/57.jpg,408,267
images/57.jpg,406,268
images/57.jpg,399,268
images/57.jpg,395,267
images/57.jpg,390,266
images/57.jpg,383,264
images/57.jpg,364,265
images/57.jpg,354,266
images/57.jpg,351,267
images/57.jpg,346,267
images/57.jpg,340,267
images/57.jpg,323,264
images/57.jpg,323,264
images/55.jpg,566,343
images/55.jpg,563,342
images/55.jpg,524,338
images/55.jpg,533,340
images/55.jpg,519,344
images/55.jpg,537,343
images/55.jpg,533,341
images/55.jpg,512,339
images/55.jpg,500,339
images/55.jpg,493,339
images/55.jpg,477,340
images/55.jpg,466,339
images/55.jpg,460,340
images/55.jpg,445,340
images/55.jpg,440,341
images/55.jpg,433,342
images/55.jpg,424,336
images/55.jpg,424,333
images/55.jpg,421,332
images/55.jpg,412,332
images/55.jpg,403,331
images/55.jpg,397,331
images/55.jpg,391,331
images/55.jpg,384,333
images/55.jpg,379,333
images/55.jpg,372,332
images/55.jpg,352,331
images/55.jpg,345,331
images/55.jpg,336,331
images/55.jpg,326,329
images/55.jpg,312,328
images/55.jpg,311,328
images/55.jpg,306,328
images/55.jpg,301,329
images/55.jpg,300,330
images/55.jpg,297,328
images/7.jpg,378,26
images/7.jpg,374,29
images/7.jpg,374,29
images/7.jpg,371,29
images/7.jpg,366,29
images/7.jpg,358,31
images/7.jpg,356,32
images/7.jpg,352,32
images/7.jpg,348,32
images/7.jpg,345,32
images/7.jpg,341,32
images/7.jpg,335,32
images/7.jpg,332,30
images/7.jpg,330,30
images/7.jpg,327,31
images/7.jpg,326,30
images/7.jpg,322,31
images/7.jpg,318,31
images/7.jpg,317,32
images/7.jpg,314,32
images/41.jpg,530,194
images/41.jpg,529,194
images/41.jpg,517,195
images/41.jpg,515,196
images/41.jpg,510,196
images/41.jpg,502,191
images/41.jpg,498,190
images/41.jpg,491,197
images/41.jpg,485,196
images/41.jpg,482,196
images/41.jpg,481,196
images/41.jpg,476,196
images/41.jpg,465,197
images/41.jpg,458,198
images/41.jpg,454,198
images/41.jpg,443,199
images/41.jpg,439,198
images/41.jpg,433,198
images/41.jpg,429,198
images/41.jpg,428,198
images/41.jpg,418,198
images/41.jpg,411,197
images/41.jpg,407,197
images/41.jpg,398,197
images/41.jpg,390,197
images/41.jpg,387,197
images/41.jpg,380,198
images/41.jpg,376,198
images/41.jpg,369,198
images/41.jpg,368,198
images/41.jpg,368,198
images/41.jpg,360,199
images/41.jpg,358,197
images/41.jpg,350,196
images/69.jpg,593,156
images/69.jpg,588,157
images/69.jpg,578,158
images/69.jpg,575,159
images/69.jpg,569,162
images/69.jpg,567,171
images/69.jpg,561,172
images/69.jpg,557,173
images/69.jpg,546,175
images/69.jpg,537,178
images/69.jpg,531,182
images/69.jpg,526,184
images/69.jpg,519,187
images/69.jpg,507,189
images/69.jpg,503,190
images/69.jpg,488,192
images/69.jpg,473,193
images/69.jpg,469,194
images/69.jpg,466,195
images/69.jpg,440,198
images/69.jpg,436,199
images/69.jpg,431,200
images/69.jpg,425,201
images/69.jpg,409,200
images/69.jpg,404,200
images/69.jpg,400,200
images/69.jpg,394,200
images/69.jpg,384,199
images/69.jpg,379,199
images/69.jpg,373,198
images/69.jpg,369,198
images/69.jpg,366,196
images/96.jpg,435,180
images/96.jpg,433,180
images/96.jpg,428,181
images/96.jpg,423,183
images/96.jpg,418,181
images/96.jpg,412,179
images/96.jpg,409,178
images/96.jpg,401,175
images/96.jpg,398,175
images/96.jpg,395,174
images/96.jpg,390,170
images/96.jpg,385,171
images/96.jpg,380,173
images/96.jpg,372,174
images/96.jpg,368,174
images/96.jpg,364,176
images/96.jpg,348,176
images/96.jpg,343,173
images/96.jpg,339,172
images/96.jpg,551,245
images/96.jpg,550,243
images/96.jpg,545,241
images/96.jpg,536,241
images/96.jpg,526,239
images/96.jpg,520,237
images/96.jpg,626,343
images/96.jpg,616,339
images/96.jpg,605,336
images/96.jpg,601,335
images/96.jpg,597,331
images/96.jpg,589,333
images/96.jpg,585,330
images/96.jpg,575,325
images/96.jpg,561,318
images/96.jpg,558,317
images/96.jpg,555,313
images/96.jpg,552,311
images/96.jpg,545,307
images/96.jpg,541,301
images/96.jpg,539,297
images/82.jpg,516,101
images/82.jpg,512,103
images/82.jpg,510,104
images/82.jpg,510,104
images/82.jpg,504,107
images/82.jpg,502,108
images/82.jpg,501,109
images/82.jpg,496,110
images/82.jpg,490,112
images/82.jpg,481,113
images/82.jpg,472,114
images/82.jpg,467,115
images/82.jpg,463,117
images/82.jpg,457,118
images/82.jpg,449,119
images/82.jpg,445,121
images/82.jpg,437,121
images/82.jpg,435,121
images/82.jpg,431,122
images/82.jpg,426,123
images/82.jpg,418,124
images/82.jpg,412,124
images/82.jpg,403,124
images/82.jpg,400,124
images/82.jpg,397,124
images/82.jpg,393,123
images/82.jpg,389,120
images/82.jpg,382,116
images/83.jpg,499,86
images/83.jpg,499,86
images/83.jpg,493,88
images/83.jpg,488,91
images/83.jpg,484,94
images/83.jpg,480,94
images/83.jpg,476,93
images/83.jpg,473,94
images/83.jpg,465,97
images/83.jpg,458,98
images/83.jpg,453,100
images/83.jpg,448,101
images/83.jpg,438,102
images/83.jpg,435,102
images/83.jpg,429,103
images/83.jpg,419,110
images/83.jpg,415,111
images/83.jpg,410,110
images/83.jpg,405,109
images/83.jpg,397,107
images/83.jpg,386,106
images/83.jpg,380,110
images/83.jpg,376,106
images/97.jpg,633,281
images/97.jpg,630,281
images/97.jpg,625,280
images/97.jpg,616,276
images/97.jpg,611,275
images/97.jpg,607,271
images/97.jpg,603,270
images/97.jpg,594,270
images/97.jpg,585,266
images/97.jpg,580,266
images/97.jpg,570,264
images/97.jpg,566,263
images/97.jpg,560,263
images/97.jpg,550,265
images/97.jpg,544,265
images/97.jpg,538,260
images/97.jpg,535,259
images/97.jpg,533,258
images/97.jpg,527,254
images/97.jpg,523,253
images/97.jpg,449,194
images/97.jpg,446,194
images/97.jpg,444,194
images/97.jpg,441,194
images/97.jpg,436,193
images/97.jpg,431,193
images/97.jpg,427,194
images/97.jpg,413,194
images/97.jpg,403,189
images/97.jpg,401,189
images/97.jpg,397,189
images/97.jpg,393,187
images/97.jpg,383,186
images/97.jpg,378,187
images/97.jpg,372,187
images/97.jpg,367,188
images/97.jpg,362,188
images/97.jpg,357,189
images/97.jpg,351,188
images/97.jpg,347,187
images/97.jpg,343,185
images/97.jpg,341,185
images/97.jpg,337,184
images/97.jpg,325,176
images/68.jpg,607,169
images/68.jpg,598,169
images/68.jpg,594,170
images/68.jpg,581,172
images/68.jpg,572,173
images/68.jpg,569,174
images/68.jpg,571,179
images/68.jpg,566,181
images/68.jpg,555,188
images/68.jpg,555,188
images/68.jpg,546,191
images/68.jpg,543,194
images/68.jpg,534,196
images/68.jpg,531,197
images/68.jpg,523,197
images/68.jpg,517,199
images/68.jpg,515,200
images/68.jpg,511,201
images/68.jpg,497,203
images/68.jpg,496,203
images/68.jpg,492,204
images/68.jpg,485,206
images/68.jpg,482,207
images/68.jpg,460,210
images/68.jpg,449,210
images/68.jpg,446,211
images/68.jpg,442,215
images/68.jpg,416,212
images/68.jpg,413,212
images/68.jpg,407,213
images/68.jpg,394,214
images/68.jpg,388,214
images/68.jpg,382,212
images/68.jpg,371,215
images/68.jpg,361,208
images/40.jpg,438,66
images/40.jpg,438,65
images/40.jpg,435,63
images/40.jpg,434,63
images/40.jpg,432,64
images/40.jpg,428,64
images/40.jpg,422,60
images/40.jpg,419,60
images/40.jpg,408,61
images/40.jpg,405,62
images/40.jpg,401,62
images/40.jpg,401,62
images/40.jpg,397,63
images/40.jpg,393,64
images/40.jpg,391,65
images/40.jpg,387,66
images/40.jpg,384,66
images/40.jpg,378,65
images/40.jpg,372,62
images/40.jpg,370,62
images/40.jpg,369,63
images/40.jpg,367,62
images/40.jpg,366,60
images/40.jpg,364,60
images/40.jpg,361,61
images/40.jpg,359,61
images/40.jpg,357,62
images/40.jpg,356,63
images/40.jpg,354,63
images/40.jpg,351,63
images/40.jpg,349,63
images/40.jpg,348,63
images/40.jpg,347,64
images/54.jpg,566,350
images/54.jpg,565,350
images/54.jpg,555,351
images/54.jpg,550,352
images/54.jpg,547,352
images/54.jpg,531,352
images/54.jpg,530,352
images/54.jpg,523,350
images/54.jpg,511,348
images/54.jpg,506,347
images/54.jpg,505,347
images/54.jpg,494,350
images/54.jpg,486,349
images/54.jpg,480,349
images/54.jpg,472,348
images/54.jpg,469,350
images/54.jpg,466,350
images/54.jpg,463,350
images/54.jpg,459,350
images/54.jpg,455,351
images/54.jpg,450,351
images/54.jpg,446,351
images/54.jpg,443,351
images/54.jpg,435,350
images/54.jpg,433,350
images/54.jpg,430,350
images/54.jpg,423,350
images/54.jpg,420,350
images/54.jpg,407,350
images/54.jpg,404,350
images/54.jpg,398,349
images/54.jpg,391,348
images/54.jpg,382,348
images/54.jpg,376,348
images/54.jpg,371,348
images/54.jpg,363,348
images/54.jpg,351,348
images/54.jpg,346,348
images/54.jpg,336,343
images/54.jpg,330,342
images/54.jpg,325,341
images/54.jpg,314,341
images/54.jpg,308,342
images/54.jpg,300,341
images/54.jpg,297,341
images/6.jpg,420,56
images/6.jpg,419,54
images/6.jpg,409,56
images/6.jpg,411,57
images/6.jpg,413,56
images/6.jpg,408,56
images/6.jpg,405,57
images/6.jpg,397,57
images/6.jpg,394,58
images/6.jpg,392,58
images/6.jpg,391,57
images/6.jpg,389,56
images/6.jpg,386,56
images/6.jpg,379,57
images/6.jpg,378,58
images/6.jpg,375,58
images/6.jpg,368,58
images/6.jpg,367,58
images/6.jpg,364,54
images/6.jpg,363,54
images/6.jpg,359,54
images/6.jpg,353,54
images/6.jpg,349,54
images/6.jpg,344,54
images/6.jpg,341,53
images/6.jpg,340,53
images/78.jpg,458,52
images/78.jpg,458,52
images/78.jpg,458,52
images/78.jpg,455,52
images/78.jpg,454,53
images/78.jpg,452,54
images/78.jpg,450,57
images/78.jpg,447,57
images/78.jpg,443,57
images/78.jpg,440,58
images/78.jpg,435,61
images/78.jpg,433,62
images/78.jpg,424,65
images/78.jpg,416,66
images/78.jpg,413,67
images/78.jpg,408,67
images/78.jpg,403,69
images/78.jpg,397,70
images/78.jpg,391,69
images/78.jpg,384,67
images/78.jpg,380,67
images/78.jpg,378,66
images/78.jpg,373,64
images/78.jpg,371,63
images/2.jpg,489,106
images/2.jpg,483,106
images/2.jpg,482,106
images/2.jpg,480,105
images/2.jpg,476,105
images/2.jpg,469,109
images/2.jpg,467,109
images/2.jpg,471,103
images/2.jpg,466,102
images/2.jpg,461,103
images/2.jpg,460,102
images/2.jpg,451,101
images/2.jpg,448,101
images/2.jpg,445,103
images/2.jpg,442,104
images/2.jpg,438,104
images/2.jpg,437,104
images/2.jpg,433,103
images/2.jpg,429,103
images/2.jpg,421,104
images/2.jpg,419,104
images/2.jpg,417,104
images/2.jpg,414,105
images/2.jpg,411,104
images/2.jpg,406,106
images/2.jpg,399,109
images/2.jpg,397,110
images/2.jpg,394,110
images/2.jpg,387,106
images/2.jpg,386,104
images/2.jpg,385,104
images/2.jpg,380,106
images/2.jpg,377,107
images/50.jpg,531,218
images/50.jpg,531,218
images/50.jpg,521,219
images/50.jpg,522,220
images/50.jpg,516,220
images/50.jpg,512,221
images/50.jpg,508,221
images/50.jpg,501,221
images/50.jpg,497,222
images/50.jpg,489,219
images/50.jpg,484,219
images/50.jpg,479,220
images/50.jpg,471,221
images/50.jpg,463,224
images/50.jpg,451,224
images/50.jpg,444,221
images/50.jpg,439,221
images/50.jpg,439,221
images/50.jpg,436,218
images/50.jpg,426,215
images/50.jpg,423,215
images/50.jpg,419,216
images/50.jpg,415,218
images/50.jpg,409,219
images/50.jpg,403,219
images/50.jpg,399,220
images/50.jpg,393,221
images/50.jpg,385,221
images/50.jpg,381,220
images/50.jpg,378,220
images/50.jpg,367,218
images/50.jpg,361,218
images/50.jpg,358,218
images/50.jpg,355,219
images/50.jpg,352,219
images/50.jpg,344,220
images/50.jpg,341,221
images/44.jpg,533,204
images/44.jpg,516,208
images/44.jpg,507,208
images/44.jpg,512,208
images/44.jpg,504,204
images/44.jpg,484,205
images/44.jpg,476,205
images/44.jpg,472,206
images/44.jpg,491,204
images/44.jpg,485,204
images/44.jpg,475,204
images/44.jpg,474,204
images/44.jpg,466,204
images/44.jpg,459,205
images/44.jpg,455,207
images/44.jpg,450,206
images/44.jpg,442,205
images/44.jpg,435,203
images/44.jpg,431,200
images/44.jpg,430,200
images/44.jpg,427,202
images/44.jpg,422,202
images/44.jpg,414,203
images/44.jpg,409,203
images/44.jpg,407,203
images/44.jpg,394,207
images/44.jpg,392,207
images/44.jpg,388,206
images/44.jpg,381,205
images/44.jpg,376,205
images/44.jpg,375,205
images/44.jpg,371,205
images/44.jpg,368,205
images/44.jpg,363,205
images/44.jpg,359,205
images/44.jpg,354,206
images/93.jpg,561,347
images/93.jpg,557,345
images/93.jpg,554,342
images/93.jpg,551,339
images/93.jpg,543,336
images/93.jpg,532,331
images/93.jpg,526,329
images/93.jpg,524,328
images/93.jpg,520,324
images/93.jpg,514,318
images/93.jpg,512,316
images/93.jpg,509,314
images/93.jpg,507,308
images/93.jpg,507,308
images/93.jpg,505,307
images/93.jpg,501,306
images/93.jpg,498,303
images/93.jpg,494,301
images/93.jpg,489,298
images/93.jpg,484,294
images/93.jpg,477,291
images/93.jpg,473,289
images/93.jpg,468,289
images/93.jpg,456,285
images/93.jpg,452,279
images/93.jpg,450,276
images/93.jpg,450,275
images/93.jpg,407,69
images/93.jpg,405,69
images/93.jpg,405,69
images/93.jpg,402,70
images/93.jpg,400,70
images/93.jpg,397,70
images/93.jpg,392,68
images/93.jpg,390,68
images/93.jpg,381,66
images/93.jpg,380,66
images/93.jpg,376,65
images/93.jpg,372,64
images/93.jpg,369,65
images/93.jpg,363,66
images/93.jpg,353,66
images/93.jpg,351,67
images/93.jpg,350,66
images/93.jpg,336,66
images/93.jpg,329,65
images/93.jpg,328,64
images/87.jpg,480,67
images/87.jpg,479,67
images/87.jpg,480,67
images/87.jpg,484,66
images/87.jpg,475,72
images/87.jpg,470,74
images/87.jpg,466,76
images/87.jpg,466,76
images/87.jpg,465,76
images/87.jpg,458,80
images/87.jpg,456,81
images/87.jpg,454,81
images/87.jpg,451,82
images/87.jpg,446,83
images/87.jpg,440,87
images/87.jpg,435,86
images/87.jpg,431,86
images/87.jpg,424,86
images/87.jpg,422,87
images/87.jpg,417,88
images/87.jpg,411,89
images/87.jpg,407,89
images/87.jpg,399,90
images/87.jpg,396,87
images/87.jpg,393,87
images/87.jpg,391,87
images/87.jpg,385,87
images/87.jpg,380,87
images/87.jpg,379,86
images/87.jpg,375,86
images/87.jpg,373,86
images/86.jpg,503,89
images/86.jpg,502,90
images/86.jpg,496,91
images/86.jpg,494,92
images/86.jpg,494,93
images/86.jpg,486,94
images/86.jpg,485,94
images/86.jpg,482,96
images/86.jpg,479,97
images/86.jpg,475,98
images/86.jpg,472,99
images/86.jpg,463,100
images/86.jpg,459,101
images/86.jpg,456,102
images/86.jpg,453,104
images/86.jpg,451,105
images/86.jpg,444,105
images/86.jpg,439,106
images/86.jpg,435,106
images/86.jpg,431,107
images/86.jpg,415,108
images/86.jpg,414,108
images/86.jpg,411,110
images/86.jpg,409,110
images/86.jpg,396,109
images/86.jpg,392,109
images/86.jpg,388,109
images/86.jpg,384,105
images/92.jpg,492,114
images/92.jpg,491,114
images/92.jpg,486,116
images/92.jpg,484,116
images/92.jpg,482,117
images/92.jpg,479,116
images/92.jpg,470,113
images/92.jpg,466,110
images/92.jpg,456,111
images/92.jpg,454,111
images/92.jpg,448,110
images/92.jpg,444,107
images/92.jpg,441,107
images/92.jpg,436,107
images/92.jpg,429,104
images/92.jpg,420,106
images/92.jpg,415,105
images/92.jpg,413,100
images/92.jpg,413,100
images/3.jpg,491,103
images/3.jpg,482,103
images/3.jpg,480,105
images/3.jpg,474,101
images/3.jpg,473,101
images/3.jpg,471,103
images/3.jpg,467,103
images/3.jpg,461,103
images/3.jpg,454,104
images/3.jpg,453,104
images/3.jpg,452,104
images/3.jpg,449,104
images/3.jpg,446,105
images/3.jpg,443,106
images/3.jpg,431,106
images/3.jpg,428,106
images/3.jpg,423,105
images/3.jpg,421,105
images/3.jpg,417,105
images/3.jpg,406,109
images/3.jpg,402,109
images/3.jpg,398,108
images/3.jpg,393,107
images/3.jpg,388,106
images/3.jpg,380,106
images/3.jpg,405,106
images/51.jpg,529,227
images/51.jpg,530,227
images/51.jpg,529,227
images/51.jpg,526,226
images/51.jpg,524,226
images/51.jpg,521,225
images/51.jpg,519,224
images/51.jpg,515,223
images/51.jpg,507,223
images/51.jpg,504,223
images/51.jpg,501,223
images/51.jpg,495,221
images/51.jpg,491,220
images/51.jpg,487,220
images/51.jpg,480,221
images/51.jpg,478,222
images/51.jpg,476,223
images/51.jpg,476,220
images/51.jpg,472,220
images/51.jpg,468,226
images/51.jpg,464,226
images/51.jpg,458,227
images/51.jpg,454,228
images/51.jpg,450,228
images/51.jpg,444,228
images/51.jpg,440,228
images/51.jpg,434,229
images/51.jpg,431,228
images/51.jpg,422,227
images/51.jpg,419,227
images/51.jpg,413,227
images/51.jpg,410,227
images/51.jpg,406,227
images/51.jpg,401,228
images/51.jpg,395,228
images/51.jpg,392,228
images/51.jpg,391,228
images/51.jpg,385,228
images/51.jpg,380,228
images/51.jpg,373,230
images/51.jpg,362,230
images/51.jpg,358,230
images/51.jpg,345,227
images/51.jpg,339,226
images/51.jpg,338,226
images/79.jpg,527,100
images/79.jpg,527,100
images/79.jpg,527,100
images/79.jpg,525,101
images/79.jpg,522,101
images/79.jpg,517,102
images/79.jpg,511,106
images/79.jpg,506,108
images/79.jpg,501,111
images/79.jpg,499,112
images/79.jpg,496,112
images/79.jpg,488,113
images/79.jpg,485,115
images/79.jpg,484,115
images/79.jpg,478,116
images/79.jpg,471,120
images/79.jpg,472,120
images/79.jpg,467,121
images/79.jpg,463,122
images/79.jpg,460,122
images/79.jpg,458,122
images/79.jpg,456,122
images/79.jpg,453,122
images/79.jpg,450,123
images/79.jpg,447,124
images/79.jpg,445,124
images/79.jpg,440,125
images/79.jpg,438,125
images/79.jpg,434,125
images/79.jpg,431,125
images/79.jpg,428,125
images/79.jpg,427,125
images/79.jpg,424,126
images/79.jpg,422,126
images/79.jpg,419,126
images/79.jpg,417,124
images/79.jpg,414,124
images/79.jpg,411,124
images/79.jpg,407,124
images/79.jpg,404,123
images/79.jpg,400,123
images/79.jpg,398,122
images/79.jpg,395,120
images/79.jpg,392,120
images/79.jpg,390,119
images/79.jpg,385,119
images/79.jpg,381,118
images/47.jpg,526,173
images/47.jpg,523,173
images/47.jpg,504,174
images/47.jpg,502,175
images/47.jpg,500,175
images/47.jpg,494,174
images/47.jpg,490,173
images/47.jpg,486,174
images/47.jpg,481,174
images/47.jpg,474,172
images/47.jpg,470,172
images/47.jpg,467,172
images/47.jpg,460,173
images/47.jpg,456,174
images/47.jpg,452,174
images/47.jpg,448,174
images/47.jpg,446,174
images/47.jpg,440,173
images/47.jpg,433,173
images/47.jpg,431,173
images/47.jpg,425,173
images/47.jpg,423,174
images/47.jpg,419,174
images/47.jpg,413,176
images/47.jpg,409,176
images/47.jpg,406,176
images/47.jpg,404,176
images/47.jpg,402,177
images/47.jpg,399,176
images/47.jpg,396,176
images/47.jpg,392,176
images/47.jpg,387,177
images/47.jpg,384,178
images/47.jpg,379,178
images/47.jpg,376,178
images/47.jpg,371,178
images/47.jpg,364,176
images/47.jpg,360,176
images/53.jpg,538,251
images/53.jpg,537,251
images/53.jpg,526,251
images/53.jpg,510,252
images/53.jpg,501,251
images/53.jpg,493,251
images/53.jpg,489,251
images/53.jpg,471,249
images/53.jpg,465,249
images/53.jpg,462,249
images/53.jpg,456,251
images/53.jpg,449,252
images/53.jpg,436,252
images/53.jpg,428,253
images/53.jpg,421,253
images/53.jpg,412,253
images/53.jpg,405,253
images/53.jpg,399,253
images/53.jpg,387,253
images/53.jpg,377,252
images/53.jpg,373,252
images/53.jpg,365,253
images/53.jpg,359,252
images/53.jpg,353,252
images/53.jpg,351,253
images/53.jpg,332,252
images/53.jpg,327,252
images/1.jpg,411,44
images/1.jpg,397,41
images/1.jpg,397,41
images/1.jpg,397,41
images/1.jpg,394,42
images/1.jpg,388,42
images/1.jpg,384,41
images/1.jpg,379,40
images/1.jpg,376,40
images/1.jpg,370,45
images/1.jpg,367,44
images/1.jpg,360,42
images/1.jpg,358,42
images/1.jpg,351,43
images/1.jpg,350,43
images/1.jpg,346,44
images/1.jpg,342,44
images/1.jpg,335,43
images/1.jpg,333,44
images/1.jpg,328,46
images/84.jpg,464,56
images/84.jpg,462,57
images/84.jpg,455,59
images/84.jpg,450,61
images/84.jpg,443,64
images/84.jpg,444,62
images/84.jpg,442,62
images/84.jpg,437,66
images/84.jpg,436,66
images/84.jpg,435,66
images/84.jpg,424,66
images/84.jpg,423,67
images/84.jpg,418,68
images/84.jpg,408,69
images/84.jpg,405,69
images/84.jpg,401,69
images/84.jpg,394,69
images/84.jpg,393,67
images/84.jpg,386,67
images/84.jpg,381,67
images/84.jpg,377,68
images/84.jpg,374,68
images/90.jpg,476,66
images/90.jpg,473,66
images/90.jpg,464,68
images/90.jpg,462,70
images/90.jpg,455,70
images/90.jpg,449,70
images/90.jpg,444,71
images/90.jpg,436,74
images/90.jpg,433,75
images/90.jpg,431,77
images/90.jpg,430,76
images/90.jpg,424,78
images/90.jpg,416,79
images/90.jpg,411,80
images/90.jpg,409,80
images/90.jpg,399,80
images/90.jpg,386,78
images/90.jpg,385,79
images/90.jpg,383,78
images/90.jpg,379,77
images/90.jpg,376,77
images/90.jpg,374,77
images/90.jpg,374,77
images/91.jpg,464,105
images/91.jpg,462,104
images/91.jpg,453,99
images/91.jpg,451,99
images/91.jpg,450,98
images/91.jpg,445,96
images/91.jpg,444,96
images/91.jpg,440,92
images/91.jpg,437,89
images/91.jpg,432,89
images/91.jpg,432,89
images/91.jpg,428,87
images/91.jpg,427,86
images/91.jpg,424,85
images/91.jpg,420,84
images/91.jpg,419,83
images/85.jpg,469,60
images/85.jpg,468,60
images/85.jpg,466,70
images/85.jpg,462,71
images/85.jpg,454,66
images/85.jpg,454,66
images/85.jpg,450,68
images/85.jpg,444,71
images/85.jpg,443,71
images/85.jpg,440,72
images/85.jpg,438,73
images/85.jpg,434,73
images/85.jpg,431,73
images/85.jpg,424,75
images/85.jpg,421,76
images/85.jpg,417,77
images/85.jpg,415,78
images/85.jpg,411,78
images/85.jpg,409,78
images/85.jpg,406,80
images/85.jpg,401,79
images/85.jpg,394,78
images/85.jpg,392,77
images/85.jpg,388,77
images/85.jpg,373,77
images/85.jpg,373,77
images/52.jpg,558,316
images/52.jpg,553,314
images/52.jpg,543,314
images/52.jpg,535,313
images/52.jpg,523,311
images/52.jpg,521,310
images/52.jpg,511,312
images/52.jpg,495,314
images/52.jpg,478,317
images/52.jpg,474,317
images/52.jpg,467,318
images/52.jpg,460,316
images/52.jpg,450,315
images/52.jpg,425,313
images/52.jpg,403,312
images/52.jpg,424,313
images/52.jpg,424,313
images/52.jpg,395,313
images/52.jpg,393,319
images/52.jpg,376,319
images/52.jpg,353,312
images/52.jpg,344,311
images/52.jpg,337,311
images/52.jpg,331,311
images/52.jpg,311,309
images/0.jpg,377,34
images/0.jpg,370,34
images/0.jpg,365,35
images/0.jpg,364,35
images/0.jpg,362,34
images/0.jpg,359,33
images/0.jpg,355,34
images/0.jpg,348,35
images/0.jpg,342,35
images/0.jpg,338,33
images/0.jpg,332,32
images/0.jpg,327,33
images/0.jpg,325,33
images/0.jpg,325,33
images/0.jpg,318,34
images/0.jpg,316,34
images/0.jpg,311,33
images/0.jpg,309,33
images/46.jpg,526,175
images/46.jpg,525,175
images/46.jpg,513,177
images/46.jpg,504,180
images/46.jpg,498,181
images/46.jpg,492,182
images/46.jpg,479,181
images/46.jpg,473,181
images/46.jpg,468,181
images/46.jpg,464,181
images/46.jpg,456,180
images/46.jpg,451,178
images/46.jpg,447,178
images/46.jpg,441,179
images/46.jpg,431,181
images/46.jpg,426,181
images/46.jpg,422,181
images/46.jpg,419,181
images/46.jpg,408,182
images/46.jpg,401,182
images/46.jpg,395,182
images/46.jpg,387,184
images/46.jpg,382,185
images/46.jpg,379,186
images/46.jpg,375,186
images/46.jpg,371,186
images/46.jpg,367,186
images/46.jpg,360,186
